rank,name,country,overall_score,research_qlt_score,industry_score,intl_outlook_score,research_env_score,teaching_score
1,University of Oxford,United Kingdom,98.3,99.4,92.4,95.5,98.7,99.2
2,University of Cambridge,United Kingdom,97.3,95.6,99.5,96.1,100.0,95.8
3,Massachusetts Institute of Technology,United States,96.2,99.1,100.0,80.6,99.4,93.2
4,ETH Zurich,Switzerland,96.1,99.3,90.8,94.4,99.4,91.3
5,Stanford University,United States,96.0,99.8,100.0,76.7,98.8,93.5
=6,Carnegie Mellon University,United States,95.7,99.7,99.3,79.6,96.2,94.5
=6,Princeton University,United States,95.7,99.6,91.5,78.8,97.6,95.5
=8,Imperial College London,United Kingdom,93.6,95.1,89.7,96.1,95.5,90.7
=8,"University of California, Berkeley",United States,93.6,99.9,99.0,78.0,93.8,89.7
10,Harvard University,United States,93.4,95.9,75.7,81.4,99.1,93.5
11,National University of Singapore,Singapore,93.3,98.0,99.4,89.7,94.9,86.3
12,Peking University,China,92.4,96.0,99.9,57.6,93.4,94.9
13,Tsinghua University,China,92.3,96.0,100.0,39.5,95.7,97.0
14,Technical University of Munich,Germany,91.2,93.1,100.0,71.5,96.8,86.5
15,California Institute of Technology,United States,90.9,95.4,99.7,62.7,96.4,85.8
16,Cornell University,United States,90.8,97.9,74.8,76.5,96.0,86.9
17,"University of California, Los Angeles",United States,90.1,97.3,86.5,80.7,92.9,83.7
18,University of Washington,United States,89.8,98.0,86.9,69.6,93.5,84.1
19,"Nanyang Technological University, Singapore",Singapore,89.0,96.9,100.0,91.2,89.2,77.3
20,École Polytechnique Fédérale de Lausanne,Switzerland,88.8,85.6,98.2,93.3,90.9,86.0
21,University of Illinois at Urbana-Champaign,United States,88.2,94.1,86.2,65.5,96.8,80.2
22,Georgia Institute of Technology,United States,87.1,92.9,94.5,77.3,91.5,77.5
23,University of Toronto,Canada,86.6,94.3,70.8,85.3,86.8,83.8
24,Yale University,United States,86.3,91.7,69.8,81.4,87.3,86.0
25,Johns Hopkins University,United States,85.8,99.5,97.8,82.6,80.3,75.3
26,Columbia University,United States,85.6,94.1,83.7,84.3,82.5,81.5
27,New York University,United States,84.7,94.7,98.7,93.2,83.5,69.9
28,The Hong Kong University of Science and Technology,Hong Kong,84.6,97.9,100.0,96.8,76.7,72.2
29,University of Edinburgh,United Kingdom,84.1,89.9,91.8,95.2,78.3,79.2
30,The Chinese University of Hong Kong,Hong Kong,83.6,99.6,98.9,95.0,72.3,72.1
31,University of Texas at Austin,United States,83.4,93.0,95.1,47.1,89.2,74.3
32,Zhejiang University,China,82.4,88.5,100.0,70.1,82.0,75.2
33,Shanghai Jiao Tong University,China,81.9,84.6,100.0,63.1,84.5,76.4
34,UCL,United Kingdom,81.6,88.0,71.6,96.8,79.4,76.4
35,"University of California, San Diego",United States,81.3,94.5,99.9,77.7,78.1,67.3
36,University of Pennsylvania,United States,80.8,92.1,78.7,79.1,82.2,69.2
37,The University of Tokyo,Japan,80.7,60.5,100.0,42.0,92.8,92.7
38,Paris Sciences et Lettres – PSL Research University Paris,France,80.3,87.6,87.4,83.8,70.5,80.3
39,Korea Advanced Institute of Science and Technology (KAIST),South Korea,80.2,85.4,100.0,42.9,84.9,74.4
40,The University of Chicago,United States,79.7,93.3,68.8,73.5,78.7,72.2
41,University of Michigan-Ann Arbor,United States,79.3,90.0,74.6,60.6,84.4,70.0
42,Institut Polytechnique de Paris,France,77.7,68.2,95.4,93.4,69.8,86.0
43,University of Waterloo,Canada,77.6,85.7,84.9,86.1,73.3,69.7
44,KU Leuven,Belgium,76.4,85.0,100.0,69.2,70.2,69.5
45,Delft University of Technology,Netherlands,75.6,84.8,99.9,87.1,70.0,62.2
46,Université de Montréal,Canada,74.6,90.9,100.0,88.4,71.3,51.0
47,Purdue University West Lafayette,United States,74.5,79.5,79.9,77.4,78.0,63.5
48,University of Massachusetts,United States,74.2,85.8,91.5,78.4,61.8,69.5
49,Seoul National University,South Korea,74.0,77.5,100.0,34.4,74.6,73.2
50,University of Melbourne,Australia,73.1,82.4,80.4,91.2,64.0,66.5
51,University of British Columbia,Canada,72.9,87.4,85.0,92.0,66.0,57.2
52,University of Science and Technology of China,China,72.6,95.7,94.9,38.4,62.5,63.1
53,University of Hong Kong,Hong Kong,72.2,98.7,82.2,96.9,58.1,51.4
54,Université Paris-Saclay,France,71.8,65.2,99.2,73.9,65.4,76.6
55,LMU Munich,Germany,71.7,90.1,99.5,63.1,63.0,57.2
56,"University of Maryland, College Park",United States,70.8,93.1,77.4,49.9,68.5,54.8
57,City University of Hong Kong,Hong Kong,70.7,92.3,100.0,98.8,51.4,53.4
57,Duke University,United States,70.5,88.7,100.0,75.2,57.7,56.2
58,Fudan University,China,70.4,90.0,99.0,42.4,55.3,66.1
60,RWTH Aachen University,Germany,69.9,78.6,99.9,55.7,69.5,57.0
61,Monash University,Australia,69.8,97.0,84.8,94.6,50.8,51.7
62,"University of California, Santa Barbara",United States,69.6,90.2,96.8,80.1,59.4,49.3
63,University of Wisconsin-Madison,United States,69.0,87.3,76.9,79.2,63.8,51.4
64,University of Southern California,United States,68.8,91.7,87.6,75.6,58.1,50.0
65,Technical University of Berlin,Germany,68.6,82.7,99.7,67.3,64.9,50.0
66,Nanjing University,China,68.3,88.8,98.3,56.7,53.0,58.4
67,Kyoto University,Japan,68.2,58.3,95.5,47.1,67.9,76.0
68,University of Manchester,United Kingdom,67.6,75.2,84.9,95.7,57.8,57.7
=69,KTH Royal Institute of Technology,Sweden,67.5,83.3,86.5,70.7,59.9,53.4
=69,The University of Sydney,Australia,67.5,98.5,74.8,96.7,48.5,46.7
71,Brown University,United States,67.4,96.3,70.4,72.5,45.1,59.8
72,University of Amsterdam,Netherlands,67.1,90.9,81.1,81.0,52.8,50.7
73,Technical University of Darmstadt,Germany,66.9,86.3,99.9,62.3,55.6,51.5
74,The Hong Kong Polytechnic University,Hong Kong,66.0,91.9,87.8,97.7,47.2,45.2
75,"University of California, Irvine",United States,65.9,88.4,77.5,79.4,56.9,46.2
76,McGill University,Canada,65.3,79.2,94.0,87.2,54.1,49.2
77,Sorbonne University,France,64.4,71.6,72.0,75.8,54.3,62.6
78,Karlsruhe Institute of Technology,Germany,64.1,72.4,100.0,50.2,62.9,50.8
79,TU Wien,Austria,64.0,70.6,79.0,76.0,59.2,55.1
80,University of Alberta,Canada,63.7,80.7,99.8,93.0,54.2,38.5
81,Australian National University,Australia,63.6,94.1,82.4,94.3,48.2,36.0
82,Eindhoven University of Technology,Netherlands,63.3,69.3,98.8,84.3,58.9,46.3
83,University of Technology Sydney,Australia,63.2,97.4,99.0,95.8,40.2,34.4
84,UNSW Sydney,Australia,62.3,91.0,88.9,93.6,44.0,37.2
85,Northwestern University,United States,61.9,90.1,68.8,71.1,48.9,43.1
=86,Sungkyunkwan University (SKKU),South Korea,61.5,70.4,99.5,65.0,49.2,53.8
=86,University of Tübingen,Germany,61.5,94.1,99.0,57.9,45.3,36.6
=88,Aalto University,Finland,61.2,87.7,80.5,72.6,44.3,44.0
=88,Politecnico di Milano,Italy,61.2,74.9,98.1,50.8,50.9,50.7
90,Tokyo Institute of Technology,Japan,60.9,55.0,98.8,51.8,60.4,58.8
91,King’s College London,United Kingdom,60.8,85.1,66.6,96.4,41.1,46.0
92,University of Adelaide,Australia,60.7,98.4,99.2,95.9,36.0,28.9
93,Michigan State University,United States,60.3,96.6,73.8,81.5,44.6,31.4
94,University of Bologna,Italy,60.1,80.6,98.4,52.5,48.1,43.5
95,University of Bonn,Germany,59.7,89.1,69.6,60.0,47.2,41.1
96,Indian Institute of Science,India,59.6,61.8,98.8,29.3,56.2,58.0
96,Korea University,South Korea,59.6,83.3,99.9,54.1,41.3,45.2
97,Yonsei University (Seoul campus),South Korea,59.4,92.8,100.0,37.4,42.6,38.3
=98,Aarhus University,Denmark,59.3,73.3,98.6,73.4,48.4,41.7
=98,Harbin Institute of Technology,China,59.3,74.4,99.9,34.5,48.1,51.1
100,"Northeastern University, US",United States,59.2,90.8,67.4,75.8,40.8,40.5
101–125,Bauman Moscow State Technical University,Russian Federation,55.3–59.0,45.5,52.1,60.3,54.6,78.6
101–125,Boston University,United States,55.3–59.0,87.4,66.4,76.5,35.2,39.7
101–125,National Taiwan University (NTU),Taiwan,55.3–59.0,64.2,99.9,40.3,46.1,56.2
101–125,Penn State (Main campus),United States,55.3–59.0,80.0,72.8,65.2,44.9,39.1
101–125,Qatar University,Qatar,55.3–59.0,97.0,93.5,96.6,29.8,31.1
101–125,Rice University,United States,55.3–59.0,86.9,72.4,79.6,38.3,39.6
101–125,Sapienza University of Rome,Italy,55.3–59.0,70.9,96.5,39.9,39.7,48.5
101–125,Stony Brook University,United States,55.3–59.0,85.6,70.0,86.7,34.4,36.4
101–125,Technical University of Denmark,Denmark,55.3–59.0,77.2,97.7,82.5,35.1,37.9
101–125,Technion Israel Institute of Technology,Israel,55.3–59.0,67.8,71.0,49.4,59.6,45.6
101–125,Tel Aviv University,Israel,55.3–59.0,78.1,69.9,41.3,51.5,37.5
101–125,Texas A&M University,United States,55.3–59.0,80.7,70.7,68.6,37.8,41.2
101–125,The University of Queensland,Australia,55.3–59.0,87.7,81.6,91.7,31.7,32.8
101–125,Tohoku University,Japan,55.3–59.0,55.3,98.8,59.5,47.1,55.8
101–125,Universität Heidelberg,Germany,55.3–59.0,85.4,97.2,65.3,34.9,35.5
101–125,University College Dublin,Ireland,55.3–59.0,89.7,98.7,86.4,32.2,26.3
101–125,University of Bristol,United Kingdom,55.3–59.0,78.2,68.4,89.3,38.2,41.4
101–125,"University of California, Davis",United States,55.3–59.0,75.1,77.6,83.6,46.6,37.8
101–125,University of Electronic Science and Technology of China,China,55.3–59.0,77.6,97.7,35.4,43.0,46.7
101–125,University of Freiburg,Germany,55.3–59.0,85.7,100.0,58.9,38.8,32.8
101–125,University of North Carolina at Chapel Hill,United States,55.3–59.0,90.2,75.3,61.1,44.3,37.5
101–125,University of Warwick,United Kingdom,55.3–59.0,86.1,68.2,95.8,40.0,38.3
101–125,Virginia Polytechnic Institute and State University,United States,55.3–59.0,90.7,68.0,75.8,38.5,35.2
101–125,Wuhan University,China,55.3–59.0,85.4,98.2,37.2,41.8,42.0
126–150,Beihang University,China,53.1–55.2,79.1,99.4,33.8,39.1,34.2
126–150,Chalmers University of Technology,Sweden,53.1–55.2,77.2,86.5,73.5,38.2,36.2
126–150,Huazhong University of Science and Technology,China,53.1–55.2,85.6,98.7,36.0,38.1,32.2
126–150,King Fahd University of Petroleum and Minerals,Saudi Arabia,53.1–55.2,79.1,83.0,84.6,34.8,36.7
126–150,Kyung Hee University,South Korea,53.1–55.2,88.7,97.6,75.1,27.5,27.7
126–150,Lebanese American University,Lebanon,53.1–55.2,92.4,29.6,71.8,35.3,34.6
126–150,Linköping University,Sweden,53.1–55.2,92.7,97.0,61.6,31.3,28.0
126–150,Macquarie University,Australia,53.1–55.2,85.5,90.0,86.8,29.1,28.8
126–150,Pohang University of Science and Technology (POSTECH),South Korea,53.1–55.2,70.5,99.9,30.3,43.2,45.7
126–150,Queen Mary University of London,United Kingdom,53.1–55.2,94.4,65.6,96.8,26.9,29.3
126–150,Ruhr University Bochum,Germany,53.1–55.2,73.9,84.5,54.4,43.0,37.0
126–150,Simon Fraser University,Canada,53.1–55.2,92.6,80.9,93.1,28.9,27.6
126–150,"University of California, Riverside",United States,53.1–55.2,87.5,76.6,73.8,31.8,32.5
126–150,University of Copenhagen,Denmark,53.1–55.2,82.0,65.0,72.3,32.9,43.6
126–150,University of Erlangen-Nuremberg,Germany,53.1–55.2,78.0,100.0,51.7,40.5,33.8
126–150,University of Groningen,Netherlands,53.1–55.2,68.1,94.7,92.3,39.4,37.4
126–150,University of Illinois Chicago,United States,53.1–55.2,95.9,80.4,70.1,34.8,24.7
126–150,University of Macau,Macao,53.1–55.2,93.6,64.5,95.9,27.7,24.9
126–150,University of Notre Dame,United States,53.1–55.2,90.8,87.7,65.6,36.8,27.2
126–150,University of Oslo,Norway,53.1–55.2,83.4,90.6,70.3,30.3,32.8
126–150,University of Oulu,Finland,53.1–55.2,91.8,67.4,76.9,31.7,30.3
126–150,University of Rochester,United States,53.1–55.2,85.2,91.3,84.3,31.4,26.0
126–150,University of Stuttgart,Germany,53.1–55.2,71.3,88.6,50.4,46.0,40.4
126–150,University of Surrey,United Kingdom,53.1–55.2,97.0,72.2,96.7,28.7,25.5
126–150,University of Vienna,Austria,53.1–55.2,63.9,88.3,89.3,42.1,38.7
126–150,University of Virginia (Main campus),United States,53.1–55.2,85.2,89.3,64.1,39.6,29.9
151–175,Deakin University,Australia,51.1–53.0,91.0,81.1,94.9,21.8,23.9
151–175,Free University of Berlin,Germany,51.1–53.0,61.9,80.7,78.8,39.3,36.9
151–175,Hong Kong Baptist University,Hong Kong,51.1–53.0,92.6,73.9,93.7,28.5,19.5
151–175,Lomonosov Moscow State University,Russian Federation,51.1–53.0,24.0,63.9,50.2,50.3,76.6
151–175,Macau University of Science and Technology,Macao,51.1–53.0,88.6,71.1,95.2,24.8,25.2
151–175,North Carolina State University,United States,51.1–53.0,69.4,72.4,71.8,38.1,36.7
151–175,Ohio State University (Main campus),United States,51.1–53.0,78.4,66.7,67.4,37.1,30.1
151–175,The University of Osaka,Japan,51.1–53.0,44.4,99.8,43.7,49.5,51.9
151–175,Prince Mohammad Bin Fahd University,Saudi Arabia,51.1–53.0,73.2,40.8,85.3,30.6,44.6
151–175,Radboud University Nijmegen,Netherlands,51.1–53.0,78.2,62.8,79.8,37.6,27.6
151–175,Sharif University of Technology,Iran,51.1–53.0,65.4,95.0,35.7,36.3,44.5
151–175,Swinburne University of Technology,Australia,51.1–53.0,92.7,82.8,72.2,25.8,23.7
151–175,TU Dresden,Germany,51.1–53.0,64.9,81.9,53.0,46.3,38.3
151–175,University at Buffalo,United States,51.1–53.0,83.9,80.1,87.2,30.0,25.5
151–175,University of Auckland,New Zealand,51.1–53.0,83.5,74.0,86.3,26.9,29.8
151–175,University of Colorado Boulder,United States,51.1–53.0,80.1,67.1,59.9,37.0,36.6
151–175,University of Florida,United States,51.1–53.0,75.4,73.9,57.5,41.5,32.7
151–175,University of Glasgow,United Kingdom,51.1–53.0,74.2,66.1,94.0,33.7,36.6
151–175,University of Luxembourg,Luxembourg,51.1–53.0,79.8,88.1,90.4,27.6,31.8
151–175,University of Sheffield,United Kingdom,51.1–53.0,73.1,71.8,93.7,31.8,36.9
151–175,University of Southampton,United Kingdom,51.1–53.0,76.1,71.3,95.3,36.1,31.3
151–175,University of Twente,Netherlands,51.1–53.0,69.7,94.6,89.1,38.5,29.5
151–175,University of Würzburg,Germany,51.1–53.0,89.2,91.9,55.5,34.5,24.5
151–175,Vrije Universiteit Amsterdam,Netherlands,51.1–53.0,70.5,84.0,91.8,36.8,27.3
176–200,Aalborg University,Denmark,49.3–51.0,76.5,82.1,75.0,32.0,28.7
176–200,Arizona State University (Tempe),United States,49.3–51.0,81.5,74.9,75.2,28.9,25.5
176–200,Beijing Institute of Technology,China,49.3–51.0,66.6,99.3,56.2,37.8,34.2
176–200,Graz University of Technology,Austria,49.3–51.0,69.2,87.8,72.9,31.6,36.6
176–200,Johannes Kepler University of Linz,Austria,49.3–51.0,69.0,95.5,61.3,32.5,31.7
176–200,Khalifa University,United Arab Emirates,49.3–51.0,85.2,71.8,87.9,29.3,21.8
176–200,King Saud University,Saudi Arabia,49.3–51.0,87.7,72.0,78.6,23.3,28.8
176–200,Northwestern Polytechnical University,China,49.3–51.0,75.7,97.6,48.7,31.1,34.5
176–200,Norwegian University of Science and Technology,Norway,49.3–51.0,79.6,63.7,66.0,29.6,31.7
176–200,Queensland University of Technology,Australia,49.3–51.0,86.0,74.4,80.9,27.3,24.8
176–200,Rutgers University–New Brunswick,United States,49.3–51.0,86.8,67.8,79.2,27.4,25.0
176–200,Sejong University,South Korea,49.3–51.0,96.4,85.0,65.5,25.4,18.8
176–200,Southern University of Science and Technology (SUSTech),China,49.3–51.0,89.9,77.3,70.1,31.4,19.4
176–200,Stevens Institute of Technology,United States,49.3–51.0,89.8,66.5,87.2,26.4,18.1
176–200,Sun Yat-sen University,China,49.3–51.0,85.4,98.1,37.0,25.5,29.1
176–200,Tianjin University,China,49.3–51.0,75.9,99.2,52.2,32.4,25.8
176–200,Trinity College Dublin,Ireland,49.3–51.0,66.1,98.0,82.8,30.3,32.9
176–200,Université Grenoble Alpes,France,49.3–51.0,59.7,71.9,63.4,32.3,46.3
176–200,University of Birmingham,United Kingdom,49.3–51.0,74.1,62.5,96.9,30.5,33.4
176–200,University of Helsinki,Finland,49.3–51.0,66.7,67.2,56.4,38.0,39.8
176–200,University of Liverpool,United Kingdom,49.3–51.0,77.8,55.9,98.8,28.3,29.2
176–200,University of Mannheim,Germany,49.3–51.0,84.9,94.6,64.9,28.8,19.5
176–200,University of Trento,Italy,49.3–51.0,83.1,71.7,61.5,30.4,31.1
176–200,University of Warsaw,Poland,49.3–51.0,78.9,43.7,51.3,37.1,38.0
176–200,Vanderbilt University,United States,49.3–51.0,77.2,78.9,72.7,31.1,27.9
201–250,Al Ain University,United Arab Emirates,47.0–49.2,67.1,20.1,98.1,34.9,40.3
201–250,"Asia University, Taiwan",Taiwan,47.0–49.2,94.0,74.9,55.5,28.1,17.9
201–250,Brunel University of London,United Kingdom,47.0–49.2,87.1,57.1,96.0,21.2,18.8
201–250,Cardiff University,United Kingdom,47.0–49.2,86.8,67.2,96.4,19.7,19.8
201–250,Case Western Reserve University,United States,47.0–49.2,80.2,66.5,84.4,28.0,22.7
201–250,École Normale Supérieure de Lyon,France,47.0–49.2,40.1,89.1,53.5,37.5,53.3
201–250,Griffith University,Australia,47.0–49.2,90.0,58.3,92.5,18.6,21.4
201–250,Humboldt University of Berlin,Germany,47.0–49.2,61.4,59.6,53.5,37.7,37.6
201–250,Indiana University,United States,47.0–49.2,65.0,92.3,75.8,28.3,30.6
201–250,Iowa State University,United States,47.0–49.2,73.4,97.4,53.1,32.0,23.1
201–250,King Abdulaziz University,Saudi Arabia,47.0–49.2,93.2,45.5,72.3,22.5,28.6
201–250,Lancaster University,United Kingdom,47.0–49.2,77.9,68.0,92.6,26.6,24.0
201–250,Loughborough University,United Kingdom,47.0–49.2,81.5,69.4,91.1,20.6,22.5
201–250,Louisiana State University,United States,47.0–49.2,82.5,70.8,59.4,25.2,25.5
201–250,Moscow Institute of Physics and Technology (MIPT),Russian Federation,47.0–49.2,39.0,68.9,68.7,39.4,58.2
201–250,Nagoya University,Japan,47.0–49.2,51.1,98.9,37.7,43.2,38.8
201–250,National Tsing Hua University,Taiwan,47.0–49.2,62.8,100.0,39.7,41.0,32.1
201–250,National Yang Ming Chiao Tung University (NYCU Taiwan),Taiwan,47.0–49.2,56.1,100.0,31.6,39.5,34.9
201–250,Newcastle University,United Kingdom,47.0–49.2,73.6,75.6,93.6,26.1,26.4
201–250,Paderborn University,Germany,47.0–49.2,67.5,98.0,64.5,35.2,25.3
201–250,RMIT University,Australia,47.0–49.2,70.7,65.8,93.0,26.9,31.2
201–250,Sant’Anna School of Advanced Studies – Pisa,Italy,47.0–49.2,72.4,97.7,55.2,27.2,33.4
201–250,Shenzhen University,China,47.0–49.2,74.0,70.8,43.3,38.2,27.8
201–250,Swansea University,United Kingdom,47.0–49.2,92.8,53.8,94.8,18.8,17.2
201–250,Tongji University,China,47.0–49.2,70.7,99.0,49.2,32.2,23.7
201–250,Université Catholique de Louvain,Belgium,47.0–49.2,62.0,73.5,70.5,36.3,32.7
201–250,Université du Québec,Canada,47.0–49.2,69.2,68.1,88.7,28.4,28.9
201–250,Universiti Sains Malaysia,Malaysia,47.0–49.2,90.7,56.4,71.7,21.6,24.6
201–250,Universiti Teknologi Petronas,Malaysia,47.0–49.2,76.8,85.8,68.1,30.9,24.3
201–250,University of Basel,Switzerland,47.0–49.2,74.6,91.2,89.9,23.4,26.1
201–250,"University of California, Santa Cruz",United States,47.0–49.2,76.3,79.6,65.3,27.7,24.7
201–250,University of Central Florida,United States,47.0–49.2,82.7,80.9,42.0,29.8,23.0
201–250,University of Essex,United Kingdom,47.0–49.2,80.3,67.6,98.5,18.8,24.8
201–250,University of Klagenfurt,Austria,47.0–49.2,81.2,59.0,82.8,19.8,28.6
201–250,University of Leeds,United Kingdom,47.0–49.2,72.3,66.8,98.0,26.0,25.8
201–250,University of Leicester,United Kingdom,47.0–49.2,86.8,51.8,99.0,22.3,18.4
201–250,University of Malaya,Malaysia,47.0–49.2,77.8,57.8,81.9,26.5,30.1
201–250,University of Minnesota,United States,47.0–49.2,72.1,72.7,48.1,34.6,33.1
201–250,University of Nottingham,United Kingdom,47.0–49.2,66.1,70.5,92.2,30.4,28.2
201–250,University of Ottawa,Canada,47.0–49.2,68.1,84.2,90.9,32.0,26.9
201–250,University of Padua,Italy,47.0–49.2,76.6,74.8,54.0,24.1,34.6
201–250,University of Sharjah,United Arab Emirates,47.0–49.2,93.7,59.8,96.1,22.8,14.1
201–250,University of South Australia,Australia,47.0–49.2,74.1,96.3,91.0,26.1,21.2
201–250,University of Tehran,Iran,47.0–49.2,83.3,87.8,39.1,23.1,31.2
201–250,University of Victoria,Canada,47.0–49.2,74.1,67.6,93.8,29.4,24.7
201–250,University of York,United Kingdom,47.0–49.2,59.1,65.6,89.6,31.7,34.8
201–250,Washington University in St Louis,United States,47.0–49.2,68.1,82.1,77.6,28.6,29.7
201–250,Xiamen University,China,47.0–49.2,84.0,92.7,38.3,22.1,29.7
201–250,Xi’an Jiaotong University,China,47.0–49.2,76.9,83.4,26.5,30.0,37.7
201–250,Xidian University,China,47.0–49.2,73.9,95.9,29.5,30.0,36.2
201–250,York University,Canada,47.0–49.2,74.5,77.6,85.1,26.2,22.4
251–300,American University of the Middle East,Kuwait,45.2–46.9,66.4,21.5,77.8,29.3,42.0
251–300,Amirkabir University of Technology,Iran,45.2–46.9,78.6,88.9,38.1,27.1,21.7
251–300,Cairo University,Egypt,45.2–46.9,76.5,52.6,56.4,25.8,30.4
251–300,Concordia University,Canada,45.2–46.9,70.3,74.9,88.3,26.7,20.5
251–300,Dalian University of Technology,China,45.2–46.9,78.4,87.3,44.6,23.1,23.7
251–300,Dartmouth College,United States,45.2–46.9,59.4,80.7,71.2,27.8,38.0
251–300,Florida Atlantic University,United States,45.2–46.9,90.2,69.8,70.7,18.6,18.4
251–300,George Washington University,United States,45.2–46.9,74.4,61.3,78.1,24.3,24.8
251–300,Hanyang University,South Korea,45.2–46.9,58.8,99.9,55.1,34.7,27.8
251–300,Hebrew University of Jerusalem,Israel,45.2–46.9,66.6,72.0,39.4,31.0,38.0
251–300,Hunan University,China,45.2–46.9,85.2,86.2,40.7,23.4,20.8
251–300,Istanbul Technical University,Turkey,45.2–46.9,59.7,88.7,50.8,31.4,33.3
251–300,King Khalid University,Saudi Arabia,45.2–46.9,69.0,52.5,82.2,30.4,31.3
251–300,La Trobe University,Australia,45.2–46.9,81.0,59.0,94.6,21.9,22.4
251–300,Lehigh University,United States,45.2–46.9,86.4,64.9,74.9,20.1,17.9
251–300,Leibniz University Hannover,Germany,45.2–46.9,79.3,69.1,54.6,29.9,21.4
251–300,Lund University,Sweden,45.2–46.9,57.3,97.3,56.6,38.0,26.9
251–300,McMaster University,Canada,45.2–46.9,68.9,77.0,91.0,27.4,21.8
251–300,Middle East Technical University,Turkey,45.2–46.9,52.9,88.2,44.1,34.6,38.4
251–300,Nankai University,China,45.2–46.9,79.9,86.1,35.2,26.7,24.7
251–300,Near East University,Northern Cyprus,45.2–46.9,88.9,57.1,82.2,20.1,17.7
251–300,New Jersey Institute of Technology,United States,45.2–46.9,79.0,63.7,90.1,21.5,19.8
251–300,Rensselaer Polytechnic Institute,United States,45.2–46.9,69.7,100.0,65.5,27.9,22.3
251–300,Southeast University,China,45.2–46.9,70.2,96.6,41.2,32.9,20.9
251–300,SUNY Binghamton University,United States,45.2–46.9,78.2,73.9,60.0,21.4,27.9
251–300,Tampere University,Finland,45.2–46.9,74.3,84.0,62.5,27.5,23.3
251–300,Temple University,United States,45.2–46.9,93.7,64.1,61.2,16.3,20.0
251–300,The University of Texas at San Antonio,United States,45.2–46.9,92.3,65.9,54.7,22.8,14.4
251–300,The University of Western Australia,Australia,45.2–46.9,77.9,72.9,93.9,22.3,16.4
251–300,TU Dortmund University,Germany,45.2–46.9,65.3,81.0,45.4,36.0,26.6
251–300,Ulm University,Germany,45.2–46.9,77.4,71.4,45.9,28.3,23.7
251–300,Ulsan National Institute of Science and Technology (UNIST),South Korea,45.2–46.9,69.7,88.2,41.6,26.6,29.0
251–300,Università della Svizzera italiana,Switzerland,45.2–46.9,70.3,67.2,97.7,21.3,26.6
251–300,Université Paris Cité,France,45.2–46.9,56.2,67.8,83.5,32.5,35.1
251–300,University of Bern,Switzerland,45.2–46.9,65.8,80.3,86.8,28.1,24.0
251–300,University of Bradford,United Kingdom,45.2–46.9,89.4,58.1,95.8,15.4,16.2
251–300,University of Delaware,United States,45.2–46.9,71.5,82.3,73.0,21.4,26.4
251–300,University of Galway,Ireland,45.2–46.9,82.0,85.0,68.0,21.0,21.3
251–300,University of Geneva,Switzerland,45.2–46.9,60.3,98.3,93.2,26.0,27.9
251–300,University of Granada,Spain,45.2–46.9,81.8,53.5,50.4,23.0,29.7
251–300,University of Kaiserslautern,Germany,45.2–46.9,63.5,92.7,58.6,28.5,29.0
251–300,University of Konstanz,Germany,45.2–46.9,58.7,96.8,72.3,30.5,29.0
251–300,University of Newcastle,Australia,45.2–46.9,80.2,64.6,93.8,19.9,21.5
251–300,University of Pisa,Italy,45.2–46.9,74.2,67.3,39.5,29.8,28.0
251–300,University of Pittsburgh-Pittsburgh campus,United States,45.2–46.9,75.6,67.9,70.2,27.3,26.2
251–300,University of Potsdam,Germany,45.2–46.9,62.3,98.3,45.5,32.6,28.3
251–300,University of Wollongong,Australia,45.2–46.9,76.6,69.5,97.6,20.9,19.5
251–300,Uppsala University,Sweden,45.2–46.9,68.0,71.4,77.8,28.9,27.2
251–300,Waseda University,Japan,45.2–46.9,62.8,71.3,51.7,29.6,40.0
251–300,Western University,Canada,45.2–46.9,70.7,73.2,88.1,24.2,22.4
251–300,Yeungnam University,South Korea,45.2–46.9,92.5,58.1,53.9,21.4,18.1
301–400,Abu Dhabi University,United Arab Emirates,41.0–45.1,52.3,20.2,95.4,31.7,43.6
301–400,Ajman University,United Arab Emirates,41.0–45.1,85.1,24.6,99.4,20.0,19.3
301–400,"Amity University, Noida",India,41.0–45.1,91.0,34.7,41.4,18.6,22.3
301–400,Aston University,United Kingdom,41.0–45.1,84.1,45.8,95.4,16.6,15.0
301–400,Aswan University,Egypt,41.0–45.1,92.8,32.4,50.4,16.7,20.8
301–400,Bar-Ilan University,Israel,41.0–45.1,63.2,99.3,47.1,35.5,20.3
301–400,Beijing Normal University,China,41.0–45.1,59.0,64.1,35.2,25.1,35.6
301–400,Carleton University,Canada,41.0–45.1,66.7,98.3,76.1,24.4,19.9
301–400,Charles Darwin University,Australia,41.0–45.1,96.5,26.8,84.2,18.2,14.8
301–400,Chung-Ang University,South Korea,41.0–45.1,57.6,93.5,44.2,29.6,27.8
301–400,"City, University of London",United Kingdom,41.0–45.1,69.9,59.8,93.1,17.9,22.4
301–400,Curtin University,Australia,41.0–45.1,63.8,69.6,94.1,15.9,25.0
301–400,De Montfort University,United Kingdom,41.0–45.1,86.8,36.0,98.3,10.3,14.0
301–400,Dublin City University,Ireland,41.0–45.1,74.2,61.9,75.3,19.8,21.4
301–400,Durham University,United Kingdom,41.0–45.1,65.8,48.1,96.4,21.8,27.2
301–400,East China Normal University,China,41.0–45.1,69.8,88.1,39.6,23.1,23.3
301–400,Florida International University,United States,41.0–45.1,78.3,63.5,46.4,24.6,18.3
301–400,Free University of Bozen-Bolzano,Italy,41.0–45.1,77.1,37.3,84.4,21.9,29.1
301–400,George Mason University,United States,41.0–45.1,81.1,64.0,67.3,17.9,16.6
301–400,Gwangju Institute of Science and Technology (GIST),South Korea,41.0–45.1,54.3,98.8,34.4,32.4,26.6
301–400,Heriot-Watt University,United Kingdom,41.0–45.1,71.9,66.3,92.3,20.4,24.6
301–400,Illinois Institute of Technology,United States,41.0–45.1,80.3,65.1,77.4,18.5,16.8
301–400,IMT Atlantique,France,41.0–45.1,45.8,96.3,76.4,29.7,36.2
301–400,Iran University of Science and Technology,Iran,41.0–45.1,77.4,85.8,32.3,22.4,20.2
301–400,ITMO University,Russian Federation,41.0–45.1,36.8,73.6,67.4,34.2,45.1
301–400,Jamia Millia Islamia,India,41.0–45.1,91.9,44.1,30.2,14.5,23.9
301–400,Keio University,Japan,41.0–45.1,38.0,88.8,34.2,39.3,39.2
301–400,Kyungpook National University (KNU),South Korea,41.0–45.1,60.6,95.5,52.0,28.3,19.4
301–400,Kyushu University,Japan,41.0–45.1,45.1,93.8,60.1,30.1,34.5
301–400,LUT University,Finland,41.0–45.1,75.9,34.8,75.0,22.7,20.7
301–400,Memorial University of Newfoundland,Canada,41.0–45.1,81.1,61.2,95.8,18.2,19.5
301–400,Mississippi State University,United States,41.0–45.1,81.8,56.0,63.8,24.7,19.5
301–400,Missouri University of Science and Technology,United States,41.0–45.1,76.8,67.5,82.0,21.7,15.5
301–400,National Taiwan University of Science and Technology (Taiwan Tech),Taiwan,41.0–45.1,70.3,97.3,41.5,30.1,21.8
301–400,National University of Sciences and Technology,Pakistan,41.0–45.1,70.4,65.3,52.3,27.0,22.0
301–400,Northumbria University,United Kingdom,41.0–45.1,83.2,47.0,94.8,15.7,15.2
301–400,Pontifical Catholic University of Rio de Janeiro (PUC-Rio),Brazil,41.0–45.1,50.1,82.5,41.7,30.3,30.9
301–400,Prince Sultan University (PSU),Saudi Arabia,41.0–45.1,87.6,33.6,83.2,14.2,14.3
301–400,Qassim University,Saudi Arabia,41.0–45.1,56.9,33.0,74.6,26.4,38.3
301–400,Queen’s University,Canada,41.0–45.1,58.8,79.4,74.8,27.5,26.9
301–400,Queen’s University Belfast,United Kingdom,41.0–45.1,76.6,63.1,95.9,18.6,16.2
301–400,"Royal Holloway, University of London",United Kingdom,41.0–45.1,61.0,61.5,94.4,21.0,23.1
301–400,Sichuan University,China,41.0–45.1,71.3,90.8,39.4,25.1,23.8
301–400,South China University of Technology,China,41.0–45.1,79.5,80.8,51.5,21.0,17.3
301–400,Symbiosis International University,India,41.0–45.1,90.7,21.6,53.5,14.9,23.8
301–400,The University of Jordan,Jordan,41.0–45.1,89.5,32.3,62.9,12.5,20.1
301–400,Toronto Metropolitan University,Canada,41.0–45.1,71.0,66.6,72.8,20.3,17.2
301–400,TU Braunschweig,Germany,41.0–45.1,71.7,73.2,50.2,20.5,23.9
301–400,United Arab Emirates University,United Arab Emirates,41.0–45.1,68.5,71.2,78.8,22.1,18.5
301–400,Universitat Politècnica de Catalunya,Spain,41.0–45.1,59.6,72.3,53.3,29.2,36.1
301–400,Université Laval,Canada,41.0–45.1,62.2,99.0,76.0,25.4,17.4
301–400,Université Libre de Bruxelles,Belgium,41.0–45.1,55.0,62.1,82.8,34.7,31.4
301–400,Universiti Kebangsaan Malaysia,Malaysia,41.0–45.1,76.2,54.8,85.7,16.8,29.8
301–400,Universiti Teknologi Malaysia,Malaysia,41.0–45.1,66.6,60.7,73.0,23.1,29.2
301–400,University of Aberdeen,United Kingdom,41.0–45.1,69.6,70.9,97.6,19.5,24.7
301–400,University of Antwerp,Belgium,41.0–45.1,60.1,89.0,64.7,29.9,25.3
301–400,University of Bath,United Kingdom,41.0–45.1,63.4,59.0,89.8,19.8,27.2
301–400,University of Bremen,Germany,41.0–45.1,58.0,63.1,54.0,27.5,28.5
301–400,University of Calgary,Canada,41.0–45.1,64.2,69.1,87.9,23.9,23.4
301–400,University of Campinas,Brazil,41.0–45.1,50.2,76.7,40.4,37.5,39.9
301–400,University of Córdoba,Spain,41.0–45.1,89.8,54.8,53.2,17.1,21.6
301–400,University of Crete,Greece,41.0–45.1,67.2,89.7,36.7,25.9,19.6
301–400,University of Duisburg-Essen,Germany,41.0–45.1,66.9,84.4,52.9,26.5,22.5
301–400,"University of Engineering and Technology, Taxila",Pakistan,41.0–45.1,89.1,35.0,47.0,18.6,17.6
301–400,University of Exeter,United Kingdom,41.0–45.1,82.3,52.7,94.6,16.5,20.8
301–400,University of Georgia (USA),United States,41.0–45.1,81.5,61.6,52.9,21.1,17.8
301–400,University of Göttingen,Germany,41.0–45.1,55.5,74.0,62.6,29.9,30.3
301–400,University of Guelph,Canada,41.0–45.1,92.4,62.9,65.9,16.6,13.2
301–400,University of Innsbruck,Austria,41.0–45.1,71.1,75.1,91.7,23.9,19.3
301–400,University of Iowa,United States,41.0–45.1,70.6,72.2,74.0,26.2,20.4
301–400,University of Jaén,Spain,41.0–45.1,94.3,40.9,50.7,16.8,17.1
301–400,University of Kentucky,United States,41.0–45.1,72.2,76.4,54.8,19.9,21.7
301–400,University of Liège,Belgium,41.0–45.1,71.6,83.7,55.8,27.6,21.8
301–400,"University of Maryland, Baltimore County",United States,41.0–45.1,70.2,72.8,52.6,24.8,23.6
301–400,University of Naples Federico II,Italy,41.0–45.1,76.0,65.5,31.0,23.4,24.3
301–400,University of Nebraska-Lincoln,United States,41.0–45.1,58.6,71.4,78.2,24.5,25.2
301–400,University of New Brunswick UNB,Canada,41.0–45.1,74.7,89.5,85.2,18.8,13.2
301–400,University of Oregon,United States,41.0–45.1,86.6,47.4,65.0,21.3,21.3
301–400,University of Porto,Portugal,41.0–45.1,57.8,84.5,41.8,32.0,25.0
301–400,University of Reading,United Kingdom,41.0–45.1,75.2,57.9,92.5,19.1,22.8
301–400,University of Salford,United Kingdom,41.0–45.1,83.3,47.4,95.1,11.4,18.0
301–400,University of São Paulo,Brazil,41.0–45.1,44.6,67.4,39.9,36.6,45.0
301–400,University of Saskatchewan,Canada,41.0–45.1,68.9,78.9,84.5,24.2,20.9
301–400,University of Southern Queensland,Australia,41.0–45.1,77.5,42.7,96.0,17.7,18.3
301–400,University of St Gallen,Switzerland,41.0–45.1,76.2,65.0,92.8,14.6,18.7
301–400,University of Strathclyde,United Kingdom,41.0–45.1,72.5,66.9,85.8,21.3,20.5
301–400,University of Tartu,Estonia,41.0–45.1,71.7,55.7,75.0,21.9,28.0
301–400,University of Texas at Arlington,United States,41.0–45.1,74.0,65.4,74.0,16.8,18.4
301–400,University of Utah,United States,41.0–45.1,62.2,68.8,50.7,35.5,25.6
301–400,University of Windsor,Canada,41.0–45.1,75.9,56.9,87.3,20.2,14.0
301–400,UPES,India,41.0–45.1,80.4,20.9,46.6,20.4,33.3
301–400,Victoria University,Australia,41.0–45.1,79.0,57.8,78.6,17.0,14.8
301–400,Victoria University of Wellington,New Zealand,41.0–45.1,75.8,51.8,79.1,24.9,22.1
301–400,Vrije Universiteit Brussel,Belgium,41.0–45.1,64.2,78.6,78.3,31.6,16.6
301–400,Washington State University,United States,41.0–45.1,75.0,67.7,68.4,21.4,15.6
301–400,Wayne State University,United States,41.0–45.1,72.4,70.2,60.5,19.4,21.1
301–400,William & Mary,United States,41.0–45.1,76.7,66.5,57.6,14.9,23.1
301–400,Worcester Polytechnic Institute,United States,41.0–45.1,74.9,67.6,51.3,23.8,22.2
301–400,Zayed University,United Arab Emirates,41.0–45.1,74.3,35.8,75.6,24.0,28.9
401–500,Al-Ahliyya Amman University,Jordan,37.5–40.9,83.1,20.9,85.0,12.7,16.4
401–500,Al-Balqa Applied University,Jordan,37.5–40.9,87.2,33.3,58.2,13.1,12.1
401–500,Aligarh Muslim University,India,37.5–40.9,70.7,49.2,42.2,14.3,24.9
401–500,Aristotle University of Thessaloniki,Greece,37.5–40.9,64.7,72.6,30.2,23.1,20.4
401–500,Ben-Gurion University of the Negev,Israel,37.5–40.9,58.2,86.2,35.1,21.3,23.1
401–500,Benha University,Egypt,37.5–40.9,85.6,29.1,49.9,12.4,20.4
401–500,Boğaziçi University,Turkey,37.5–40.9,57.0,93.4,35.4,26.2,22.7
401–500,Carlos III University of Madrid,Spain,37.5–40.9,53.3,62.7,52.2,20.2,29.6
401–500,Centrale Nantes,France,37.5–40.9,51.4,89.2,80.0,19.1,26.6
401–500,Charles University,Czechia,37.5–40.9,46.2,43.0,73.5,26.0,32.3
401–500,Chongqing University,China,37.5–40.9,68.6,92.3,33.7,25.7,15.5
401–500,Chulalongkorn University,Thailand,37.5–40.9,45.8,73.4,32.4,25.1,36.0
401–500,COMSATS University Islamabad,Pakistan,37.5–40.9,82.7,36.3,51.3,13.2,15.9
401–500,Daegu Gyeongbuk Institute of Science and Technology (DGIST),South Korea,37.5–40.9,55.4,85.8,29.2,28.4,30.0
401–500,Dalhousie University,Canada,37.5–40.9,58.3,60.2,93.3,18.8,19.6
401–500,École Nationale des Ponts et Chaussées - Institut Polytechnique de Paris,France,37.5–40.9,57.9,76.3,62.8,15.8,24.3
401–500,Edinburgh Napier University,United Kingdom,37.5–40.9,76.2,35.9,92.9,12.6,15.7
401–500,Edith Cowan University,Australia,37.5–40.9,81.6,54.5,84.6,12.5,13.1
401–500,Federation University Australia,Australia,37.5–40.9,70.3,58.8,91.1,13.9,16.2
401–500,Flinders University,Australia,37.5–40.9,61.2,53.0,95.2,21.0,18.3
401–500,Friedrich Schiller University Jena,Germany,37.5–40.9,56.3,59.3,44.4,27.5,26.3
401–500,Hasselt University,Belgium,37.5–40.9,54.5,68.7,52.0,24.8,23.2
401–500,Imam Abdulrahman Bin Faisal University,Saudi Arabia,37.5–40.9,61.2,19.7,71.4,19.3,29.0
401–500,Imam Mohammad Ibn Saud Islamic University,Saudi Arabia,37.5–40.9,49.0,23.6,64.8,21.9,38.9
401–500,Indian Institute of Technology Indore,India,37.5–40.9,77.8,36.2,40.0,18.3,20.6
401–500,"International Institute of Information Technology, Hyderabad",India,37.5–40.9,69.9,63.2,42.1,19.7,22.5
401–500,Isfahan University of Technology,Iran,37.5–40.9,63.3,86.2,46.3,22.1,13.1
401–500,Jahangirnagar University,Bangladesh,37.5–40.9,85.1,22.6,63.7,10.7,21.0
401–500,Jeju National University,South Korea,37.5–40.9,68.6,48.4,51.2,18.4,22.6
401–500,KIIT University,India,37.5–40.9,85.9,28.9,45.1,12.9,24.4
401–500,King Faisal University,Saudi Arabia,37.5–40.9,87.4,20.2,75.0,11.1,17.9
401–500,Liverpool John Moores University,United Kingdom,37.5–40.9,81.1,42.5,87.3,11.2,14.6
401–500,Maastricht University,Netherlands,37.5–40.9,55.2,65.5,94.9,24.6,17.1
401–500,Majmaah University,Saudi Arabia,37.5–40.9,65.3,32.9,74.5,17.8,23.9
401–500,Manchester Metropolitan University,United Kingdom,37.5–40.9,88.7,32.1,83.2,11.1,12.6
401–500,Mansoura University,Egypt,37.5–40.9,87.3,28.7,75.1,13.6,13.9
401–500,Murdoch University,Australia,37.5–40.9,69.3,59.7,94.0,11.3,12.0
401–500,Nanjing University of Aeronautics and Astronautics,China,37.5–40.9,58.6,95.6,29.0,22.2,19.0
401–500,Nanjing University of Information Science and Technology,China,37.5–40.9,79.2,64.9,43.4,16.9,14.7
401–500,National Taiwan Normal University,Taiwan,37.5–40.9,63.3,75.0,40.8,28.9,18.4
401–500,"Northeastern University, China",China,37.5–40.9,61.9,65.4,47.8,21.4,20.3
401–500,Nottingham Trent University,United Kingdom,37.5–40.9,78.6,26.9,93.0,9.6,14.3
401–500,Oklahoma State University,United States,37.5–40.9,85.7,51.1,71.7,13.4,12.4
401–500,Old Dominion University,United States,37.5–40.9,75.4,60.8,50.7,22.6,13.3
401–500,Peter the Great St Petersburg Polytechnic University,Russian Federation,37.5–40.9,36.5,63.9,59.7,27.3,35.8
401–500,Polytechnic University of Valencia,Spain,37.5–40.9,54.7,95.1,52.3,26.8,20.6
401–500,Prince Sattam Bin Abdulaziz University,Saudi Arabia,37.5–40.9,74.6,22.3,77.4,11.9,21.6
401–500,Princess Nourah bint Abdulrahman University,Saudi Arabia,37.5–40.9,79.0,31.2,88.6,13.9,20.0
401–500,Pusan National University,South Korea,37.5–40.9,52.1,92.6,39.4,30.3,25.3
401–500,Sabancı University,Turkey,37.5–40.9,50.9,95.6,49.9,28.4,19.8
401–500,Shanghai University,China,37.5–40.9,59.4,96.2,29.2,31.1,19.5
401–500,Stockholm University,Sweden,37.5–40.9,64.8,52.1,60.0,23.1,21.2
401–500,Sunway University,Malaysia,37.5–40.9,81.2,33.4,72.8,15.0,13.7
401–500,SUNY University at Albany,United States,37.5–40.9,70.2,67.5,65.2,15.4,15.8
401–500,Syracuse University,United States,37.5–40.9,71.6,59.2,60.7,15.1,17.2
401–500,Taif University,Saudi Arabia,37.5–40.9,84.3,22.5,79.3,11.8,15.4
401–500,Tecnológico de Monterrey,Mexico,37.5–40.9,66.6,70.2,54.7,17.1,16.6
401–500,Texas Tech University,United States,37.5–40.9,66.0,63.0,81.4,19.7,19.3
401–500,Thapar Institute of Engineering and Technology,India,37.5–40.9,93.7,30.1,37.9,12.0,17.5
401–500,The University of Aizu,Japan,37.5–40.9,68.5,54.2,75.3,13.2,24.8
401–500,Tilburg University,Netherlands,37.5–40.9,66.8,68.1,85.2,19.7,15.9
401–500,Ton Duc Thang University,Vietnam,37.5–40.9,88.7,28.1,55.3,10.4,14.9
401–500,Tufts University,United States,37.5–40.9,59.1,63.8,53.4,21.9,21.0
401–500,Université Côte d'Azur,France,37.5–40.9,50.7,66.6,81.0,18.8,29.5
401–500,University of Arizona,United States,37.5–40.9,63.4,66.9,65.6,21.9,21.8
401–500,University of Arkansas,United States,37.5–40.9,64.5,62.7,45.8,27.4,12.1
401–500,University of Bayreuth,Germany,37.5–40.9,74.0,54.6,55.3,21.8,19.8
401–500,University of Bordeaux,France,37.5–40.9,45.4,59.3,66.4,27.2,26.6
401–500,University of Cagliari,Italy,37.5–40.9,76.8,62.0,36.3,18.1,21.8
401–500,University of Calabria,Italy,37.5–40.9,75.0,45.0,40.6,19.8,27.2
401–500,University of Eastern Finland,Finland,37.5–40.9,70.4,55.4,61.5,19.2,20.9
401–500,University of Florence,Italy,37.5–40.9,61.5,79.2,40.1,19.1,21.9
401–500,University of Genoa,Italy,37.5–40.9,54.8,81.9,46.9,20.8,24.2
401–500,University of Hamburg,Germany,37.5–40.9,59.2,65.5,50.0,26.5,27.2
401–500,University of Houston,United States,37.5–40.9,71.9,67.2,86.8,18.0,14.0
401–500,University of Johannesburg,South Africa,37.5–40.9,77.0,36.0,77.8,20.2,18.1
401–500,University of Kent,United Kingdom,37.5–40.9,59.1,58.9,93.4,15.6,20.5
401–500,University of Lincoln,United Kingdom,37.5–40.9,74.2,44.2,88.9,12.3,13.6
401–500,University of Lisbon,Portugal,37.5–40.9,58.9,74.2,46.2,23.9,21.0
401–500,University of Messina,Italy,37.5–40.9,72.2,58.4,51.7,20.4,13.7
401–500,University of Milan-Bicocca,Italy,37.5–40.9,71.5,53.1,41.6,17.3,22.6
401–500,University of Modena and Reggio Emilia,Italy,37.5–40.9,78.8,84.7,33.6,22.3,10.1
401–500,University of Münster,Germany,37.5–40.9,47.9,74.9,43.0,32.7,31.3
401–500,University of North Carolina at Charlotte,United States,37.5–40.9,77.0,67.1,59.5,15.3,19.2
401–500,University of Otago,New Zealand,37.5–40.9,64.7,49.5,78.7,16.9,21.8
401–500,University of Passau,Germany,37.5–40.9,52.3,72.3,69.9,23.5,26.3
401–500,University of Plymouth,United Kingdom,37.5–40.9,71.3,56.4,92.9,15.4,14.8
401–500,University of Portsmouth,United Kingdom,37.5–40.9,74.8,40.2,94.4,10.0,18.2
401–500,University of Regina,Canada,37.5–40.9,82.3,51.4,72.6,15.5,14.5
401–500,University of Rennes 1,France,37.5–40.9,47.5,72.0,60.6,26.9,32.7
401–500,University of Salerno,Italy,37.5–40.9,77.5,58.3,34.2,18.3,19.5
401–500,University of Siena,Italy,37.5–40.9,60.0,72.6,41.8,22.9,23.6
401–500,University of Southern Denmark,Denmark,37.5–40.9,56.5,81.4,68.8,20.0,23.0
401–500,University of South Florida,United States,37.5–40.9,72.8,68.7,77.6,21.0,12.3
401–500,University of Sussex,United Kingdom,37.5–40.9,63.3,48.0,93.4,18.2,20.8
401–500,University of Tabriz,Iran,37.5–40.9,81.1,27.8,56.8,13.6,19.6
401–500,University of Tasmania,Australia,37.5–40.9,57.3,67.3,94.7,15.4,22.5
401–500,University of Texas at Dallas,United States,37.5–40.9,75.2,67.7,63.8,15.0,17.3
401–500,University of Toulouse,France,37.5–40.9,48.5,59.5,66.7,26.0,33.5
401–500,University of Turku,Finland,37.5–40.9,75.9,50.6,54.1,18.9,21.0
401–500,VIT University,India,37.5–40.9,81.7,32.0,37.9,16.0,27.7
401–500,Western Sydney University,Australia,37.5–40.9,65.1,45.2,93.5,15.9,21.3
401–500,Yıldız Technical University,Turkey,37.5–40.9,54.7,71.7,51.8,25.2,23.5
501–600,Abdul Wali Khan University Mardan,Pakistan,34.8–37.2,88.6,20.0,50.8,10.4,15.7
501–600,Air University,Pakistan,34.8–37.2,84.2,41.7,50.0,10.1,10.8
501–600,American University of Beirut,Lebanon,34.8–37.2,53.8,84.4,58.9,17.8,14.4
501–600,Applied Science Private University,Jordan,34.8–37.2,83.3,23.3,72.7,9.0,14.2
501–600,Athens University of Economics and Business,Greece,34.8–37.2,66.6,65.8,37.9,17.9,12.9
501–600,Autonomous University of Madrid,Spain,34.8–37.2,64.8,56.9,48.0,14.4,18.5
501–600,Bilkent University,Turkey,34.8–37.2,49.9,71.9,49.6,21.6,22.9
501–600,Brno University of Technology,Czechia,34.8–37.2,50.3,68.3,58.2,26.1,19.2
501–600,Chengdu University,China,34.8–37.2,80.0,54.3,35.9,12.5,9.7
501–600,Claude Bernard University Lyon 1,France,34.8–37.2,44.0,70.5,68.3,24.6,20.7
501–600,Colorado School of Mines,United States,34.8–37.2,62.5,49.4,33.6,22.7,20.7
501–600,CY Cergy Paris University,France,34.8–37.2,45.7,60.9,82.6,26.5,18.5
501–600,Czech Technical University in Prague,Czechia,34.8–37.2,50.6,64.7,63.5,21.9,19.5
501–600,Donghua University,China,34.8–37.2,60.1,82.7,41.0,20.8,13.0
501–600,Duy Tan University,Vietnam,34.8–37.2,89.0,27.0,52.7,9.5,9.6
501–600,ENSTA Bretagne,France,34.8–37.2,41.8,84.3,56.8,22.1,24.9
501–600,Federal University of Rio de Janeiro,Brazil,34.8–37.2,39.6,59.9,41.4,28.0,29.2
501–600,Firat University,Turkey,34.8–37.2,86.6,28.7,29.4,9.1,15.1
501–600,Florida State University,United States,34.8–37.2,62.2,56.5,63.5,14.5,20.9
501–600,Fu Jen Catholic University,Taiwan,34.8–37.2,47.2,91.6,26.7,24.6,20.6
501–600,Gachon University,South Korea,34.8–37.2,67.9,43.1,56.8,15.8,19.7
501–600,Georgetown University,United States,34.8–37.2,57.8,59.1,68.5,15.3,21.8
501–600,Georgia State University,United States,34.8–37.2,61.1,46.2,77.0,13.8,17.0
501–600,Guangdong University of Technology,China,34.8–37.2,73.8,61.1,30.2,17.6,10.2
501–600,Guangzhou University,China,34.8–37.2,73.3,50.8,40.2,13.8,15.1
501–600,Harbin Engineering University,China,34.8–37.2,48.9,94.8,22.8,26.7,15.9
501–600,HSE University,Russian Federation,34.8–37.2,40.1,73.6,40.0,22.0,30.8
501–600,Indian Institute of Technology Patna,India,34.8–37.2,72.9,28.9,25.8,17.6,20.4
501–600,"International Islamic University, Islamabad",Pakistan,34.8–37.2,83.6,24.2,53.2,9.2,11.4
501–600,Jouf University,Saudi Arabia,34.8–37.2,74.1,20.3,77.2,10.3,19.1
501–600,Kalasalingam Academy of Research and Education,India,34.8–37.2,85.4,24.4,34.9,8.4,21.0
501–600,Kansas State University,United States,34.8–37.2,50.2,63.0,54.1,18.7,23.1
501–600,King Mongkut's University of Technology North Bangkok,Thailand,34.8–37.2,54.5,43.1,31.9,26.2,26.3
501–600,Konkuk University,South Korea,34.8–37.2,46.5,92.8,33.7,29.1,20.7
501–600,Lovely Professional University,India,34.8–37.2,84.2,19.9,37.3,11.1,16.1
501–600,Massey University,New Zealand,34.8–37.2,58.2,47.0,89.6,11.0,24.0
501–600,Middlesex University,United Kingdom,34.8–37.2,69.1,38.6,94.5,10.1,15.5
501–600,Minia University,Egypt,34.8–37.2,86.5,28.7,49.9,11.0,14.6
501–600,Montpellier University,France,34.8–37.2,51.2,60.7,64.7,18.6,23.7
501–600,National and Kapodistrian University of Athens,Greece,34.8–37.2,57.5,70.8,55.4,18.7,17.7
501–600,National Cheng Kung University (NCKU),Taiwan,34.8–37.2,39.5,97.2,28.6,26.6,28.8
501–600,National Research Nuclear University MEPhI,Russian Federation,34.8–37.2,30.2,59.6,66.9,24.1,36.6
501–600,National Sun Yat-Sen University,Taiwan,34.8–37.2,47.7,79.2,42.1,25.8,19.7
501–600,Nazarbayev University,Kazakhstan,34.8–37.2,64.0,40.0,68.8,24.5,14.4
501–600,Obuda University,Hungary,34.8–37.2,78.2,26.1,40.9,17.4,15.2
501–600,Ozyegin University,Turkey,34.8–37.2,58.3,73.8,47.3,21.3,16.4
501–600,Pontificia Universidad Católica de Chile,Chile,34.8–37.2,55.5,72.4,55.5,22.7,19.3
501–600,Qingdao University,China,34.8–37.2,86.0,50.1,31.4,11.6,10.0
501–600,Quaid-i-Azam University,Pakistan,34.8–37.2,77.6,19.4,59.6,16.3,16.1
501–600,Rochester Institute of Technology,United States,34.8–37.2,66.5,56.4,50.9,14.7,20.2
501–600,Saveetha Institute of Medical and Technical Sciences,India,34.8–37.2,84.9,20.3,44.0,10.3,18.4
501–600,Savitribai Phule Pune University,India,34.8–37.2,78.8,62.2,21.5,7.4,23.4
501–600,Shiraz University,Iran,34.8–37.2,63.7,67.6,35.8,19.7,16.8
501–600,Southwest Jiaotong University,China,34.8–37.2,60.3,76.7,27.1,15.9,21.3
501–600,Stellenbosch University,South Africa,34.8–37.2,63.7,50.8,50.7,21.9,15.2
501–600,Technical University of Madrid,Spain,34.8–37.2,53.0,67.1,54.6,21.0,20.9
501–600,Technische Universität Ilmenau,Germany,34.8–37.2,50.4,69.7,41.6,20.9,23.7
501–600,The Hashemite University,Jordan,34.8–37.2,80.6,32.2,58.8,10.1,10.9
501–600,Umeå University,Sweden,34.8–37.2,52.4,46.4,55.3,21.2,24.0
501–600,Umm Al-Qura University,Saudi Arabia,34.8–37.2,74.1,32.7,64.0,14.0,16.1
501–600,Universidade Federal do Rio Grande do Sul,Brazil,34.8–37.2,50.4,70.5,39.1,21.8,28.9
501–600,Universitat Autònoma de Barcelona (UAB),Spain,34.8–37.2,58.8,66.8,53.7,17.0,23.5
501–600,Universiti Putra Malaysia,Malaysia,34.8–37.2,46.8,48.3,65.3,19.2,27.6
501–600,University College Cork,Ireland,34.8–37.2,52.2,64.0,82.1,19.6,14.1
501–600,University of Bari Aldo Moro,Italy,34.8–37.2,74.6,49.2,29.1,19.0,14.1
501–600,University of Bergen,Norway,34.8–37.2,45.1,54.3,74.0,27.2,24.3
501–600,University of Chile,Chile,34.8–37.2,51.6,75.9,63.7,23.1,14.9
501–600,University of Coimbra,Portugal,34.8–37.2,55.8,69.4,39.9,21.2,23.3
501–600,University of Connecticut,United States,34.8–37.2,59.6,72.8,63.3,21.0,12.2
501–600,University of Cyprus,Cyprus,34.8–37.2,57.2,87.1,55.3,18.4,16.6
501–600,University of Gothenburg,Sweden,34.8–37.2,48.5,61.9,77.8,19.5,18.5
501–600,University of Greenwich,United Kingdom,34.8–37.2,71.6,28.1,97.6,9.6,12.1
501–600,University of Ha’il,Saudi Arabia,34.8–37.2,78.3,25.5,77.9,8.8,16.0
501–600,University of Huddersfield,United Kingdom,34.8–37.2,58.4,38.6,92.9,15.9,18.3
501–600,University of Jyväskylä,Finland,34.8–37.2,67.9,35.6,42.0,17.6,20.8
501–600,University of Kansas,United States,34.8–37.2,57.4,64.0,71.9,18.5,15.2
501–600,University of KwaZulu-Natal,South Africa,34.8–37.2,70.5,33.3,50.4,19.2,18.7
501–600,University of Lille,France,34.8–37.2,42.4,66.3,68.9,22.4,28.5
501–600,University of Lorraine,France,34.8–37.2,46.5,70.7,67.4,17.2,29.7
501–600,University of Memphis,United States,34.8–37.2,47.4,58.1,51.4,23.7,23.7
501–600,University of Miami,United States,34.8–37.2,51.5,61.5,84.5,18.8,15.9
501–600,University of Mons,Belgium,34.8–37.2,56.0,54.6,66.1,22.6,20.8
501–600,University of Palermo,Italy,34.8–37.2,62.4,55.0,32.9,20.1,22.0
501–600,University of Rhode Island,United States,34.8–37.2,69.6,53.9,59.8,13.0,16.7
501–600,University of Seville,Spain,34.8–37.2,57.0,70.3,40.3,20.7,17.2
501–600,University of the Basque Country,Spain,34.8–37.2,70.7,52.9,42.9,13.5,20.8
501–600,University of the Punjab,Pakistan,34.8–37.2,84.4,21.4,49.7,8.9,13.9
501–600,University of Tsukuba,Japan,34.8–37.2,32.2,68.2,38.7,29.3,40.9
501–600,University of Turin,Italy,34.8–37.2,63.7,55.5,37.8,19.6,20.1
501–600,University of Waikato,New Zealand,34.8–37.2,45.4,67.3,89.0,22.5,18.4
501–600,University of Zaragoza,Spain,34.8–37.2,56.6,71.3,42.9,18.8,24.9
501–600,Virginia Commonwealth University,United States,34.8–37.2,62.3,73.1,42.5,20.6,16.2
501–600,Wenzhou University,China,34.8–37.2,88.8,28.6,42.3,9.3,12.3
501–600,Xi’an Jiaotong-Liverpool University,China,34.8–37.2,69.2,50.0,71.1,13.1,12.4
501–600,Zagazig University,Egypt,34.8–37.2,90.4,25.9,50.4,10.0,11.1
501–600,Zhejiang Normal University,China,34.8–37.2,73.9,60.9,42.3,15.6,12.5
601–800,AGH University of Krakow,Poland,28.7–34.7,40.1,63.7,30.0,21.1,25.4
601–800,Ain Shams University,Egypt,28.7–34.7,47.6,32.6,52.7,16.3,22.0
601–800,Aix-Marseille University,France,28.7–34.7,34.5,50.9,84.9,16.0,20.7
601–800,Ajou University,South Korea,28.7–34.7,45.7,64.5,38.7,21.9,26.4
601–800,Al-Azhar University,Egypt,28.7–34.7,55.9,23.6,50.0,19.0,23.7
601–800,Alexandria University,Egypt,28.7–34.7,47.3,38.9,48.7,21.4,15.0
601–800,Al-Zaytoonah University of Jordan,Jordan,28.7–34.7,73.4,21.5,46.6,9.2,11.1
601–800,American University of Sharjah,United Arab Emirates,28.7–34.7,51.9,47.2,81.8,17.3,14.8
601–800,Assiut University,Egypt,28.7–34.7,55.9,26.4,67.9,11.2,14.8
601–800,Auckland University of Technology,New Zealand,28.7–34.7,47.1,42.7,88.2,14.3,16.5
601–800,Babol Noshirvani University of Technology,Iran,28.7–34.7,76.4,31.3,28.2,18.0,8.2
601–800,Bahçeşehir University,Turkey,28.7–34.7,50.4,41.8,60.1,15.6,11.7
601–800,Bahria University,Pakistan,28.7–34.7,67.9,24.1,50.2,8.6,11.2
601–800,Banaras Hindu University,India,28.7–34.7,55.4,21.0,28.0,15.0,21.6
601–800,Institut Teknologi Bandung,Indonesia,28.7–34.7,37.6,52.3,33.4,24.8,19.5
601–800,Bangladesh University of Engineering and Technology,Bangladesh,28.7–34.7,62.3,39.6,31.4,16.8,21.3
601–800,Bharathiar University,India,28.7–34.7,52.5,48.9,26.9,21.9,20.6
601–800,Birla Institute of Technology,India,28.7–34.7,66.0,36.7,20.9,15.4,18.4
601–800,"Birla Institute of Technology and Science, Pilani",India,28.7–34.7,62.8,49.2,33.8,15.4,21.4
601–800,Birmingham City University,United Kingdom,28.7–34.7,64.3,24.8,94.6,10.0,14.1
601–800,Bournemouth University,United Kingdom,28.7–34.7,54.8,38.3,91.8,8.3,12.9
601–800,Budapest University of Technology and Economics,Hungary,28.7–34.7,46.8,63.1,35.5,15.8,17.6
601–800,Ca’ Foscari University of Venice,Italy,28.7–34.7,63.4,45.4,50.5,15.4,12.1
601–800,Central Queensland University,Australia,28.7–34.7,68.7,31.8,76.3,11.8,13.9
601–800,Chang Gung University,Taiwan,28.7–34.7,41.9,74.1,26.9,19.1,13.9
601–800,Changsha University of Science and Technology,China,28.7–34.7,72.9,43.7,30.1,9.8,9.8
601–800,China University of Petroleum (East China),China,28.7–34.7,61.1,57.3,29.4,13.5,13.0
601–800,Chitkara University,India,28.7–34.7,88.1,18.3,23.9,8.5,13.8
601–800,Chittagong University of Engineering & Technology,Bangladesh,28.7–34.7,83.7,27.1,27.2,11.1,10.3
601–800,Chosun University,South Korea,28.7–34.7,54.6,79.8,41.5,16.8,17.3
601–800,Chungbuk National University,South Korea,28.7–34.7,42.0,48.5,33.8,17.7,22.6
601–800,Chungnam National University,South Korea,28.7–34.7,38.0,81.5,22.2,26.3,22.3
601–800,"Colorado State University, Fort Collins",United States,28.7–34.7,45.3,68.0,55.8,18.7,21.0
601–800,Complutense University of Madrid,Spain,28.7–34.7,41.2,44.8,39.1,16.9,23.6
601–800,Covenant University,Nigeria,28.7–34.7,53.1,52.5,50.2,17.0,14.7
601–800,Coventry University,United Kingdom,28.7–34.7,63.2,32.5,88.1,10.6,12.1
601–800,Cyprus University of Technology,Cyprus,28.7–34.7,55.5,31.9,57.7,13.6,18.9
601–800,Daffodil International University (DIU),Bangladesh,28.7–34.7,83.1,18.9,43.0,8.3,9.9
601–800,Delhi Technological University,India,28.7–34.7,72.1,34.2,24.3,18.7,16.0
601–800,Drexel University,United States,28.7–34.7,44.2,63.1,69.9,16.1,22.4
601–800,Ewha Womans University,South Korea,28.7–34.7,44.9,87.3,29.4,25.5,13.1
601–800,Federal University of Minas Gerais,Brazil,28.7–34.7,33.0,41.8,36.5,18.5,38.3
601–800,Ferdowsi University of Mashhad,Iran,28.7–34.7,54.9,55.3,36.2,17.9,18.1
601–800,Future University in Egypt,Egypt,28.7–34.7,63.4,18.9,62.3,10.6,14.2
601–800,Fuzhou University,China,28.7–34.7,57.8,61.9,35.7,15.0,11.2
601–800,Galgotias University,India,28.7–34.7,78.4,18.2,24.9,7.8,15.1
601–800,Goethe University Frankfurt,Germany,28.7–34.7,50.7,47.9,58.4,20.6,21.0
601–800,Government College University Faisalabad,Pakistan,28.7–34.7,77.1,19.2,50.3,11.5,12.6
601–800,Hacettepe University,Turkey,28.7–34.7,53.8,63.9,29.4,19.2,18.4
601–800,Hamburg University of Technology,Germany,28.7–34.7,51.5,49.0,54.4,16.2,19.8
601–800,Hangzhou Normal University,China,28.7–34.7,56.4,60.5,29.2,12.2,11.6
601–800,Hanoi University of Science and Technology,Vietnam,28.7–34.7,43.5,57.2,39.2,22.0,18.3
601–800,Heinrich Heine University Düsseldorf,Germany,28.7–34.7,41.6,39.3,55.8,17.6,20.7
601–800,Hiroshima University,Japan,28.7–34.7,31.3,63.3,46.8,21.6,25.0
601–800,Hokkaido University,Japan,28.7–34.7,25.9,69.1,44.2,23.4,35.9
601–800,Hosei University,Japan,28.7–34.7,54.1,49.3,43.9,17.1,15.3
601–800,Huaqiao University,China,28.7–34.7,63.5,47.2,71.0,14.3,11.0
601–800,Indian Institute of Technology Gandhinagar,India,28.7–34.7,42.2,43.6,28.4,25.3,15.3
601–800,Indraprastha Institute of Information Technology Delhi,India,28.7–34.7,64.0,39.0,42.3,12.3,16.9
601–800,Inha University,South Korea,28.7–34.7,47.8,75.6,30.7,25.7,14.7
601–800,Innopolis University,Russian Federation,28.7–34.7,43.5,55.2,79.1,20.7,17.2
601–800,Jawaharlal Nehru University,India,28.7–34.7,50.3,40.4,24.0,16.4,25.8
601–800,Jaypee University of Information Technology,India,28.7–34.7,70.3,24.8,21.7,9.9,12.4
601–800,Jazan University,Saudi Arabia,28.7–34.7,68.2,18.8,77.4,7.4,14.1
601–800,Jeonbuk National University,South Korea,28.7–34.7,41.4,59.1,30.1,20.4,19.9
601–800,Jiangnan University,China,28.7–34.7,53.0,67.5,28.3,18.2,9.5
601–800,Jiangsu University,China,28.7–34.7,56.8,45.8,49.6,12.0,23.8
601–800,Jinan University (China),China,28.7–34.7,62.9,43.3,57.7,12.1,19.4
601–800,Jordan University of Science and Technology,Jordan,28.7–34.7,64.1,38.4,52.0,11.8,16.3
601–800,Kafrelsheikh University,Egypt,28.7–34.7,79.4,19.6,53.3,8.8,13.2
601–800,Karabük University,Turkey,28.7–34.7,71.8,20.5,64.9,10.5,13.0
601–800,Karunya Institute of Technology and Sciences,India,28.7–34.7,76.7,22.9,21.6,10.0,12.8
601–800,Kazan Federal University,Russian Federation,28.7–34.7,45.5,28.3,55.2,15.9,29.2
601–800,Khon Kaen University,Thailand,28.7–34.7,59.4,25.9,36.7,15.1,15.2
601–800,King Mongkut’s University of Technology Thonburi,Thailand,28.7–34.7,52.6,64.2,38.7,14.2,12.2
601–800,KL University,India,28.7–34.7,80.2,19.4,21.7,8.2,14.8
601–800,K.N. Toosi University of Technology,Iran,28.7–34.7,64.8,51.7,30.3,18.9,11.3
601–800,Kobe University,Japan,28.7–34.7,25.6,90.1,41.4,19.3,25.0
601–800,Lakehead University,Canada,28.7–34.7,64.2,37.3,75.4,16.9,10.8
601–800,Lebanese University,Lebanon,28.7–34.7,25.4,25.6,63.7,21.7,36.0
601–800,Mahidol University,Thailand,28.7–34.7,49.4,36.2,48.1,15.5,27.6
601–800,Masaryk University,Czechia,28.7–34.7,40.5,40.4,68.2,23.6,22.2
601–800,Maynooth University,Ireland,28.7–34.7,38.6,55.4,76.2,18.1,14.5
601–800,Menoufia University,Egypt,28.7–34.7,75.1,26.5,49.8,8.6,12.8
601–800,Miguel Hernández University of Elche,Spain,28.7–34.7,42.5,55.1,40.8,21.2,13.2
601–800,Mohammed VI Polytechnic University,Morocco,28.7–34.7,56.7,50.3,53.1,16.1,22.8
601–800,Moscow Technical University of Communications and Informatics,Russian Federation,28.7–34.7,76.9,39.0,21.0,9.3,14.7
601–800,Moulay Ismail University,Morocco,28.7–34.7,73.7,20.2,22.7,9.6,22.4
601–800,Multimedia University,Malaysia,28.7–34.7,45.7,63.8,49.0,17.7,23.4
601–800,National Central University,Taiwan,28.7–34.7,31.5,86.8,29.4,21.4,22.1
601–800,National University of Computer and Emerging Sciences,Pakistan,28.7–34.7,60.6,31.1,48.1,8.7,15.1
601–800,New Mexico State University (Main campus),United States,28.7–34.7,36.6,65.1,65.0,24.7,19.7
601–800,North China Electric Power University,China,28.7–34.7,43.9,86.3,28.7,21.7,19.4
601–800,North South University,Bangladesh,28.7–34.7,71.3,20.7,33.4,8.8,10.3
601–800,NOVA University of Lisbon,Portugal,28.7–34.7,60.5,56.2,38.3,20.0,14.1
601–800,Oakland University,United States,28.7–34.7,49.4,51.0,64.8,19.4,13.8
601–800,Ontario Tech University,Canada,28.7–34.7,53.8,55.7,66.4,15.3,12.8
601–800,Open University of Catalonia,Spain,28.7–34.7,63.8,38.6,48.4,10.5,11.5
601–800,Osmania University,India,28.7–34.7,53.1,30.7,21.1,19.6,21.4
601–800,Panjab University,India,28.7–34.7,68.5,37.0,20.1,20.1,17.7
601–800,Paris Lodron Universität Salzburg,Austria,28.7–34.7,44.6,52.4,80.0,15.9,22.7
601–800,Public University of Navarre,Spain,28.7–34.7,51.8,42.7,48.0,14.8,17.5
601–800,REVA University,India,28.7–34.7,68.8,32.4,20.5,11.4,9.3
601–800,Riphah International University,Pakistan,28.7–34.7,72.6,17.9,50.6,6.9,11.5
601–800,Ritsumeikan University,Japan,28.7–34.7,43.4,54.1,54.7,12.9,18.3
601–800,Rovira i Virgili University,Spain,28.7–34.7,45.1,42.1,62.4,15.9,20.7
601–800,San Diego State University,United States,28.7–34.7,47.8,65.9,49.3,10.4,16.0
601–800,Seoul National University of Science and Technology (SeoulTech),South Korea,28.7–34.7,52.5,55.0,42.4,25.1,15.9
601–800,Shahid Bahonar University of Kerman,Iran,28.7–34.7,73.9,33.9,33.3,18.5,13.5
601–800,Shahid Beheshti University,Iran,28.7–34.7,56.7,62.3,31.7,16.6,16.4
601–800,Shahrood University of Technology,Iran,28.7–34.7,53.3,26.0,49.3,12.7,18.9
601–800,Shantou University,China,28.7–34.7,59.2,43.3,38.0,12.4,9.5
601–800,Sharda University,India,28.7–34.7,70.7,20.2,32.8,8.1,11.2
601–800,Siksha ‘O’ Anusandhan,India,28.7–34.7,46.4,31.4,20.8,13.6,29.6
601–800,Silesian University of Technology,Poland,28.7–34.7,65.7,35.5,33.8,11.8,13.7
601–800,Sogang University,South Korea,28.7–34.7,40.8,64.2,24.8,27.4,20.9
601–800,"Soochow University, China",China,28.7–34.7,56.4,70.2,26.1,17.7,16.2
601–800,Soonchunhyang University,South Korea,28.7–34.7,49.4,62.8,50.7,15.3,18.1
601–800,SRM Institute of Science and Technology,India,28.7–34.7,67.0,20.5,23.4,10.1,19.9
601–800,Sukkur IBA University,Pakistan,28.7–34.7,73.0,22.8,50.5,18.5,11.8
601–800,Taibah University,Saudi Arabia,28.7–34.7,63.8,19.1,72.5,7.8,9.8
601–800,Tallinn University of Technology,Estonia,28.7–34.7,58.0,34.5,64.0,14.4,18.0
601–800,Tanta University,Egypt,28.7–34.7,65.2,19.9,55.9,8.6,12.1
601–800,Teesside University,United Kingdom,28.7–34.7,64.6,26.3,91.3,7.7,9.8
601–800,The Islamia University of Bahawalpur,Pakistan,28.7–34.7,71.0,19.1,50.1,7.6,11.0
601–800,The Open University,United Kingdom,28.7–34.7,59.9,37.8,62.5,12.8,17.3
601–800,The University of Alabama,United States,28.7–34.7,56.3,52.7,40.6,20.0,16.5
601–800,Tokyo University of Agriculture and Technology,Japan,28.7–34.7,35.2,76.5,30.5,23.7,18.1
601–800,Tomsk Polytechnic University,Russian Federation,28.7–34.7,57.4,21.3,47.6,11.1,24.8
601–800,UiT The Arctic University of Norway,Norway,28.7–34.7,64.8,34.0,60.9,11.2,16.5
601–800,Ulster University,United Kingdom,28.7–34.7,41.1,69.3,78.0,12.6,12.7
601–800,UNIR – International University of La Rioja,Spain,28.7–34.7,59.4,18.7,70.0,9.5,10.2
601–800,Universidade Estadual Paulista (Unesp),Brazil,28.7–34.7,38.6,46.6,40.9,21.0,26.4
601–800,Universitas Gadjah Mada,Indonesia,28.7–34.7,32.0,49.0,37.2,20.0,29.0
601–800,Université de Bretagne Occidentale,France,28.7–34.7,45.2,50.4,68.4,14.0,20.7
601–800,Université Hassan II de Casablanca,Morocco,28.7–34.7,62.7,22.0,23.0,7.8,20.5
601–800,Université Polytechnique Hauts-de-France,France,28.7–34.7,54.0,51.1,83.3,15.5,16.5
601–800,Universiti Malaysia Pahang Al-Sultan Abdullah (UMPSA),Malaysia,28.7–34.7,63.8,29.9,59.5,14.2,22.0
601–800,Universiti Tenaga Nasional (UNITEN),Malaysia,28.7–34.7,58.0,57.0,58.0,12.1,14.8
601–800,Universiti Tun Hussein Onn Malaysia (UTHM),Malaysia,28.7–34.7,53.2,27.1,51.9,13.8,15.4
601–800,Universiti Utara Malaysia,Malaysia,28.7–34.7,41.8,34.3,79.6,17.0,28.3
601–800,University of Alcalá,Spain,28.7–34.7,45.6,45.0,52.8,10.9,20.1
601–800,University of Anbar,Iraq,28.7–34.7,70.8,22.5,43.7,8.2,16.6
601–800,University of Beira Interior,Portugal,28.7–34.7,52.6,52.6,51.1,14.9,11.9
601–800,University of Canterbury,New Zealand,28.7–34.7,41.5,64.2,77.2,19.6,22.5
601–800,University of Cape Town,South Africa,28.7–34.7,41.4,66.8,65.5,19.3,23.3
601–800,University of Cologne,Germany,28.7–34.7,38.4,50.0,62.5,18.3,21.1
601–800,University of Delhi,India,28.7–34.7,56.2,40.6,23.2,22.2,25.7
601–800,University of Dhaka,Bangladesh,28.7–34.7,71.5,29.3,43.0,10.2,17.4
601–800,"University of Engineering and Technology, Peshawar",Pakistan,28.7–34.7,61.9,21.6,51.9,9.9,18.5
601–800,University of Engineering & Technology (UET) Lahore,Pakistan,28.7–34.7,55.9,29.9,49.6,10.4,17.6
601–800,University of Fribourg,Switzerland,28.7–34.7,45.3,63.0,75.5,17.1,22.7
601–800,University of Hawai’i at Mānoa,United States,28.7–34.7,51.1,66.9,68.3,17.8,16.0
601–800,University of Hertfordshire,United Kingdom,28.7–34.7,59.9,36.6,95.6,8.2,10.7
601–800,University of Hradec Králové,Czechia,28.7–34.7,75.0,21.2,59.3,9.2,14.4
601–800,University of Ilorin,Nigeria,28.7–34.7,76.7,17.0,45.7,7.0,13.4
601–800,University of Indonesia,Indonesia,28.7–34.7,29.6,58.1,43.0,18.8,32.4
601–800,University of Isfahan,Iran,28.7–34.7,56.8,34.1,36.4,12.3,17.9
601–800,University of Kragujevac,Serbia,28.7–34.7,60.7,29.2,37.0,8.2,20.0
601–800,University of L’Aquila,Italy,28.7–34.7,56.0,48.6,47.2,13.7,22.8
601–800,University of Limerick,Ireland,28.7–34.7,46.4,62.5,81.3,17.5,16.2
601–800,University of Ljubljana,Slovenia,28.7–34.7,53.9,64.3,42.4,13.7,17.9
601–800,University of Malaga,Spain,28.7–34.7,42.9,59.6,45.4,13.7,19.3
601–800,University of Management and Technology,Pakistan,28.7–34.7,69.3,20.5,50.9,7.4,10.4
601–800,University of Marburg,Germany,28.7–34.7,43.4,81.2,48.8,22.6,21.4
601–800,University of Milan,Italy,28.7–34.7,48.2,65.5,41.8,19.5,22.0
601–800,University of Minho,Portugal,28.7–34.7,46.5,66.1,29.4,18.5,18.1
601–800,University of Murcia,Spain,28.7–34.7,51.2,51.5,41.1,10.9,17.9
601–800,University of Parma,Italy,28.7–34.7,68.5,58.6,34.9,9.7,18.5
601–800,University of Patras,Greece,28.7–34.7,64.7,62.8,29.7,18.0,12.5
601–800,University of Pretoria,South Africa,28.7–34.7,47.3,58.1,51.1,17.2,15.3
601–800,University of Rome III,Italy,28.7–34.7,48.9,68.2,37.4,17.7,20.3
601–800,University of Rouen Normandie,France,28.7–34.7,51.2,39.8,74.0,9.2,19.3
601–800,University of Salamanca,Spain,28.7–34.7,58.6,41.9,46.2,16.8,23.0
601–800,University of Salento,Italy,28.7–34.7,55.7,43.5,34.2,14.2,18.8
601–800,University of Santiago de Compostela,Spain,28.7–34.7,49.9,31.3,43.8,12.1,21.9
601–800,University of Sfax,Tunisia,28.7–34.7,50.8,36.8,41.6,12.9,20.8
601–800,University of St Andrews,United Kingdom,28.7–34.7,30.2,50.2,84.5,17.5,29.8
601–800,University of Tabuk,Saudi Arabia,28.7–34.7,67.2,23.9,68.5,8.1,11.3
601–800,University of Texas at El Paso,United States,28.7–34.7,33.4,52.7,41.2,26.2,20.1
601–800,University of the Aegean,Greece,28.7–34.7,55.4,65.7,26.4,12.8,10.6
601–800,UWE Bristol (University of the West of England),United Kingdom,28.7–34.7,64.0,37.8,85.7,9.7,13.8
601–800,University of the Witwatersrand,South Africa,28.7–34.7,41.6,63.9,62.2,18.1,14.6
601–800,University of Tunis El Manar,Tunisia,28.7–34.7,40.9,58.5,46.2,17.5,35.1
601–800,University of Udine,Italy,28.7–34.7,55.3,43.2,36.5,11.9,24.9
601–800,University of Valencia,Spain,28.7–34.7,42.0,73.1,44.1,14.9,23.4
601–800,University of West Bohemia,Czechia,28.7–34.7,47.8,46.5,33.1,18.6,22.3
601–800,University of Western Macedonia,Greece,28.7–34.7,69.4,40.6,26.5,16.7,8.3
601–800,Ural Federal University,Russian Federation,28.7–34.7,33.4,55.4,50.3,28.0,22.4
601–800,"Vels Institute of Science, Technology and Advanced Studies (VISTAS)",India,28.7–34.7,67.9,17.9,18.6,8.5,17.7
601–800,Verona University,Italy,28.7–34.7,54.5,56.6,47.7,13.8,18.8
601–800,VSB - Technical University of Ostrava,Czechia,28.7–34.7,47.6,39.4,59.3,19.5,23.0
601–800,Warsaw University of Technology,Poland,28.7–34.7,37.2,61.3,34.6,16.0,25.5
601–800,Yangzhou University,China,28.7–34.7,55.8,65.7,44.0,12.0,22.3
601–800,Yarmouk University,Jordan,28.7–34.7,73.6,32.5,46.9,12.3,13.0
601–800,Yazd University,Iran,28.7–34.7,58.5,35.3,49.7,14.8,14.8
601–800,Yuan Ze University,Taiwan,28.7–34.7,50.7,67.0,49.3,14.0,13.1
601–800,Zhejiang Gongshang University,China,28.7–34.7,67.7,44.5,41.8,11.1,16.6
601–800,Zhejiang University of Technology,China,28.7–34.7,56.4,73.5,36.9,12.1,12.0
801–1000,Abdelmalek Essaâdi University,Morocco,21.5–28.6,44.1,20.3,26.6,8.6,16.3
801–1000,"Adam Mickiewicz University, Poznań",Poland,21.5–28.6,32.6,29.0,36.5,19.7,16.1
801–1000,Al-Nahrain University,Iraq,21.5–28.6,58.9,20.3,26.0,7.9,15.8
801–1000,American International University – Bangladesh,Bangladesh,21.5–28.6,69.1,18.7,27.8,7.7,9.2
801–1000,"Arab Academy for Science, Technology and Maritime Transport",Egypt,21.5–28.6,42.7,27.5,41.3,11.3,21.8
801–1000,Babeş-Bolyai University,Romania,21.5–28.6,48.7,28.3,28.6,11.8,13.9
801–1000,Badji Mokhtar University – Annaba,Algeria,21.5–28.6,34.9,21.0,33.3,8.3,29.0
801–1000,Baylor University,United States,21.5–28.6,42.9,33.1,50.7,14.4,16.7
801–1000,Beijing University of Chemical Technology,China,21.5–28.6,44.6,62.4,21.9,11.2,12.5
801–1000,BINUS University,Indonesia,21.5–28.6,38.0,44.2,25.5,12.8,15.8
801–1000,BRAC University,Bangladesh,21.5–28.6,49.0,18.5,27.2,7.5,9.6
801–1000,Changzhou University,China,21.5–28.6,48.8,49.5,27.2,8.9,11.8
801–1000,Chaoyang University of Technology,Taiwan,21.5–28.6,54.3,38.7,37.4,13.6,10.9
801–1000,Charles Sturt University,Australia,21.5–28.6,46.7,38.8,79.4,9.8,13.9
801–1000,Chiang Mai University,Thailand,21.5–28.6,34.8,48.3,36.1,14.3,16.5
801–1000,Chonnam National University,South Korea,21.5–28.6,36.8,49.0,32.2,21.6,19.2
801–1000,Christ University,India,21.5–28.6,61.4,20.0,22.2,10.0,12.4
801–1000,Chung Yuan Christian University,Taiwan,21.5–28.6,42.9,47.4,37.8,18.4,11.2
801–1000,Cochin University of Science and Technology,India,21.5–28.6,33.3,34.6,23.9,17.6,18.5
801–1000,Comenius University Bratislava,Slovakia,21.5–28.6,43.7,25.2,47.9,14.2,16.6
801–1000,Durban University of Technology,South Africa,21.5–28.6,47.9,18.4,50.5,9.1,11.6
801–1000,Ege University,Turkey,21.5–28.6,40.6,35.0,36.1,12.2,12.9
801–1000,Eötvös Loránd University,Hungary,21.5–28.6,32.6,33.6,53.9,15.2,20.0
801–1000,Escuela Superior Politécnica del Litoral,Ecuador,21.5–28.6,50.8,25.2,50.2,8.9,16.3
801–1000,Federal University of Espírito Santo,Brazil,21.5–28.6,35.4,42.2,37.7,9.7,18.4
801–1000,Universidade Federal de Pernambuco,Brazil,21.5–28.6,34.1,57.3,30.0,14.0,26.5
801–1000,Federal University of Rio Grande do Norte (UFRN),Brazil,21.5–28.6,27.0,39.4,39.9,10.3,18.8
801–1000,Federal University of São Carlos,Brazil,21.5–28.6,32.6,38.5,29.8,13.2,26.3
801–1000,Federico Santa María Technical University,Chile,21.5–28.6,37.7,33.4,48.3,8.7,8.4
801–1000,Feng Chia University,Taiwan,21.5–28.6,32.3,55.9,39.8,12.9,10.4
801–1000,Ferhat Abbas Sétif University 1,Algeria,21.5–28.6,41.5,19.0,38.5,6.9,13.5
801–1000,Financial University under the Government of the Russian Federation,Russian Federation,21.5–28.6,32.4,28.3,33.0,10.2,19.3
801–1000,Fluminense Federal University,Brazil,21.5–28.6,45.8,34.5,31.8,12.1,12.2
801–1000,Gazi University,Turkey,21.5–28.6,56.1,25.9,25.5,9.3,15.6
801–1000,Gdańsk University of Technology,Poland,21.5–28.6,40.9,50.4,40.2,14.3,15.0
801–1000,Gebze Technical University,Turkey,21.5–28.6,38.2,38.6,28.3,16.5,15.1
801–1000,Georgia Southern University,United States,21.5–28.6,59.4,26.6,51.9,10.3,8.3
801–1000,GLA University,India,21.5–28.6,63.9,19.1,22.8,7.4,11.0
801–1000,Gyeongsang National University,South Korea,21.5–28.6,33.1,42.9,29.8,16.8,13.4
801–1000,Helwan University,Egypt,21.5–28.6,60.5,23.2,46.5,8.1,14.7
801–1000,Hindustan Institute of Technology and Science,India,21.5–28.6,61.6,25.9,20.2,10.3,12.7
801–1000,Hongik University,South Korea,21.5–28.6,32.0,51.2,22.6,18.8,12.5
801–1000,Ibn Tofaïl University,Morocco,21.5–28.6,41.8,22.5,25.8,11.8,20.9
801–1000,Incheon National University,South Korea,21.5–28.6,43.2,41.1,36.9,13.2,11.5
801–1000,Indian Institute of Technology Guwahati,India,21.5–28.6,40.1,47.4,28.8,17.8,22.5
801–1000,Instituto Politécnico de Viana do Castelo,Portugal,21.5–28.6,54.8,15.0,33.6,9.8,16.4
801–1000,Institut Teknologi Sepuluh Nopember,Indonesia,21.5–28.6,33.1,23.9,43.4,9.6,19.5
801–1000,International Hellenic University,Greece,21.5–28.6,56.0,25.5,30.1,8.6,10.7
801–1000,ISCTE-University Institute of Lisbon,Portugal,21.5–28.6,46.2,40.9,34.0,15.7,12.8
801–1000,Istanbul University-Cerrahpaşa,Turkey,21.5–28.6,53.5,19.6,27.8,15.3,14.6
801–1000,Jagiellonian University,Poland,21.5–28.6,42.3,35.4,37.8,14.9,18.2
801–1000,Jaume I University,Spain,21.5–28.6,38.7,45.6,42.2,11.0,16.8
801–1000,Kanazawa University,Japan,21.5–28.6,36.9,51.0,46.1,13.9,16.9
801–1000,Kangwon National University,South Korea,21.5–28.6,35.4,58.7,23.0,18.9,15.6
801–1000,Karadeniz Technical University,Turkey,21.5–28.6,49.1,32.3,23.8,8.3,12.8
801–1000,Karpagam Academy of Higher Education,India,21.5–28.6,50.0,17.9,20.5,7.6,11.4
801–1000,Kaunas University of Technology,Lithuania,21.5–28.6,57.3,32.6,33.8,10.0,12.9
801–1000,Kharkiv Aviation Institute,Ukraine,21.5–28.6,44.1,17.2,22.0,9.7,13.9
801–1000,King Mongkut’s Institute of Technology Ladkrabang,Thailand,21.5–28.6,27.9,65.1,23.9,16.5,14.7
801–1000,Kookmin University,South Korea,21.5–28.6,39.8,49.3,27.0,22.3,14.6
801–1000,Kuwait University,Kuwait,21.5–28.6,27.6,33.3,59.6,8.1,16.5
801–1000,Lobachevsky State University of Nizhni Novgorod,Russian Federation,21.5–28.6,19.7,53.2,35.5,14.5,26.6
801–1000,Lodz University of Technology,Poland,21.5–28.6,30.9,41.5,34.1,10.7,14.7
801–1000,Lviv Polytechnic National University,Ukraine,21.5–28.6,47.4,20.1,25.8,10.2,13.3
801–1000,Manav Rachna International Institute of Research and Studies,India,21.5–28.6,57.0,17.7,20.6,7.3,16.3
801–1000,Manipal Academy of Higher Education,India,21.5–28.6,45.5,42.9,40.2,11.2,14.3
801–1000,Manipal University Jaipur,India,21.5–28.6,52.1,22.9,30.2,9.5,15.4
801–1000,Mapúa University,Philippines,21.5–28.6,45.5,22.9,23.0,18.1,9.0
801–1000,Marmara University,Turkey,21.5–28.6,47.9,29.8,28.6,9.2,11.6
801–1000,"Mehran University of Engineering and Technology, Jamshoro, Pakistan",Pakistan,21.5–28.6,48.9,19.8,48.9,8.6,11.0
801–1000,Middle Technical University,Iraq,21.5–28.6,58.7,23.2,28.9,6.4,11.9
801–1000,Mohammed V University of Rabat,Morocco,21.5–28.6,43.5,42.9,27.7,11.5,24.3
801–1000,Moscow Power Engineering Institute,Russian Federation,21.5–28.6,34.8,55.5,40.0,22.5,17.9
801–1000,Nagoya Institute of Technology,Japan,21.5–28.6,25.7,66.5,33.2,14.0,17.1
801–1000,Najran University,Saudi Arabia,21.5–28.6,54.4,17.6,74.6,7.1,8.5
801–1000,Nanjing Forestry University,China,21.5–28.6,64.4,28.6,26.7,9.8,10.3
801–1000,Nanjing Normal University,China,21.5–28.6,46.1,54.9,28.1,13.1,14.4
801–1000,National Autonomous University of Mexico,Mexico,21.5–28.6,20.5,48.4,54.9,17.5,25.4
801–1000,"State University ""Kyiv Aviation Institute""",Ukraine,21.5–28.6,44.4,18.3,24.9,7.8,14.6
801–1000,National Chengchi University,Taiwan,21.5–28.6,39.7,49.3,30.1,21.3,17.0
801–1000,National Chung Cheng University,Taiwan,21.5–28.6,34.6,78.9,27.0,21.0,14.7
801–1000,National Chung Hsing University,Taiwan,21.5–28.6,37.5,64.4,26.1,20.4,17.3
801–1000,National Institute of Technology Delhi,India,21.5–28.6,40.6,21.0,34.6,12.2,26.1
801–1000,National University of Distance Education (UNED),Spain,21.5–28.6,51.7,29.7,29.2,9.1,14.0
801–1000,Nile University,Egypt,21.5–28.6,46.7,44.5,28.2,10.9,12.9
801–1000,Northeast Agricultural University,China,21.5–28.6,60.4,25.7,19.3,11.0,8.4
801–1000,Northeast Normal University,China,21.5–28.6,48.8,38.1,30.7,14.7,7.6
801–1000,North-West University,South Africa,21.5–28.6,52.0,22.5,47.3,9.9,14.3
801–1000,Northwest University (China),China,21.5–28.6,37.2,37.5,27.9,9.8,11.8
801–1000,Osaka Metropolitan University,Japan,21.5–28.6,22.3,70.4,31.4,13.5,21.5
801–1000,Palacký University Olomouc,Czechia,21.5–28.6,34.7,38.9,50.0,22.2,14.0
801–1000,Plekhanov Russian University of Economics,Russian Federation,21.5–28.6,38.9,19.1,34.9,7.5,17.6
801–1000,Pondicherry University,India,21.5–28.6,44.9,40.5,18.7,15.3,21.9
801–1000,Pontifical Catholic University of Rio Grande do Sul (PUCRS),Brazil,21.5–28.6,29.6,69.9,36.3,16.2,22.4
801–1000,Pontifical Catholic University of Valparaíso,Chile,21.5–28.6,44.2,25.3,51.1,13.5,10.3
801–1000,Pontifícia Universidade Católica do Paraná,Brazil,21.5–28.6,48.0,42.4,29.2,9.1,16.8
801–1000,Portland State University,United States,21.5–28.6,27.8,64.9,47.3,12.8,15.5
801–1000,Poznan University of Technology,Poland,21.5–28.6,35.1,47.8,33.0,13.5,17.9
801–1000,Prince of Songkla University,Thailand,21.5–28.6,36.7,37.2,30.4,13.3,17.4
801–1000,PSG College of Technology,India,21.5–28.6,49.7,30.1,19.3,16.9,18.3
801–1000,Pukyong National University,South Korea,21.5–28.6,31.9,39.3,27.0,11.0,21.0
801–1000,Rajshahi University of Engineering and Technology,Bangladesh,21.5–28.6,55.9,21.2,26.4,10.0,9.2
801–1000,Reykjavík University,Iceland,21.5–28.6,31.5,32.0,64.2,15.0,12.7
801–1000,Riga Technical University,Latvia,21.5–28.6,35.6,28.4,41.0,10.9,13.5
801–1000,RUDN University,Russian Federation,21.5–28.6,39.4,30.7,59.1,17.3,18.8
801–1000,Sathyabama Institute of Science and Technology,India,21.5–28.6,54.7,22.5,23.4,8.2,19.8
801–1000,Saudi Electronic University,Saudi Arabia,21.5–28.6,53.1,17.3,68.4,7.0,8.4
801–1000,Shibaura Institute of Technology,Japan,21.5–28.6,25.5,52.4,38.4,16.8,18.1
801–1000,Sidi Mohamed Ben Abdellah University,Morocco,21.5–28.6,55.3,24.2,23.7,12.6,21.4
801–1000,Slovak University of Technology in Bratislava,Slovakia,21.5–28.6,33.3,32.7,38.4,9.5,16.3
801–1000,Soongsil University,South Korea,21.5–28.6,31.2,60.4,23.3,18.2,14.8
801–1000,South China Normal University,China,21.5–28.6,42.0,46.5,29.6,13.4,12.8
801–1000,St Petersburg Electrotechnical University (LETI),Russian Federation,21.5–28.6,32.6,31.9,38.1,13.7,18.2
801–1000,Technical University of Cartagena,Spain,21.5–28.6,40.4,39.7,40.7,10.0,20.8
801–1000,Technical University of Cluj-Napoca,Romania,21.5–28.6,40.5,47.8,25.8,12.8,13.4
801–1000,Technological University Dublin,Ireland,21.5–28.6,44.4,28.2,55.0,8.9,13.2
801–1000,Telkom University,Indonesia,21.5–28.6,47.8,34.0,41.5,12.4,16.0
801–1000,Texas State University,United States,21.5–28.6,37.9,33.3,59.2,9.7,15.6
801–1000,The University of Electro-Communications,Japan,21.5–28.6,34.1,67.5,35.3,16.9,21.5
801–1000,Tokyo Metropolitan University,Japan,21.5–28.6,29.8,57.8,35.2,16.0,19.2
801–1000,Tokyo University of Science,Japan,21.5–28.6,25.1,58.4,25.8,14.6,17.5
801–1000,Tomsk State University,Russian Federation,21.5–28.6,20.9,49.3,62.6,19.6,29.2
801–1000,Toyohashi University of Technology (TUT),Japan,21.5–28.6,19.9,61.6,36.8,14.7,22.0
801–1000,Tulane University,United States,21.5–28.6,45.1,32.6,57.2,12.2,17.6
801–1000,Universidad Andrés Bello (UNAB),Chile,21.5–28.6,37.9,20.9,56.1,10.4,8.6
801–1000,Universidade Federal de Santa Catarina,Brazil,21.5–28.6,36.3,40.6,38.0,13.7,17.5
801–1000,Universidade Federal de São Paulo (UNIFESP),Brazil,21.5–28.6,30.2,28.4,35.1,11.2,25.6
801–1000,Universidade Federal do Ceará (UFC),Brazil,21.5–28.6,39.8,59.7,38.3,14.7,13.9
801–1000,Universidade Federal do Paraná (UFPR),Brazil,21.5–28.6,31.0,43.8,35.5,12.3,23.2
801–1000,Universitas Airlangga,Indonesia,21.5–28.6,29.9,17.9,60.3,10.0,18.1
801–1000,Universitas Padjadjaran,Indonesia,21.5–28.6,27.6,50.5,32.4,14.1,14.1
801–1000,Université Chouaïb Doukkali,Morocco,21.5–28.6,45.8,21.2,21.9,9.9,19.0
801–1000,Université de Gabès,Tunisia,21.5–28.6,39.4,20.5,37.9,9.7,16.2
801–1000,Université de Poitiers,France,21.5–28.6,20.6,26.9,66.8,15.0,17.9
801–1000,Université d’Orléans,France,21.5–28.6,25.4,32.6,67.1,11.2,15.7
801–1000,Université Hassan 1er,Morocco,21.5–28.6,46.8,21.8,25.1,14.4,21.6
801–1000,Université Sultan Moulay Slimane,Morocco,21.5–28.6,40.6,18.4,21.9,9.3,17.6
801–1000,Universiti Malaysia Sarawak (UNIMAS),Malaysia,21.5–28.6,21.2,55.7,55.2,13.2,19.9
801–1000,Universiti Malaysia Terengganu (UMT),Malaysia,21.5–28.6,43.1,19.6,50.4,11.7,12.1
801–1000,Universiti Teknikal Malaysia Melaka,Malaysia,21.5–28.6,36.8,26.3,48.6,10.0,17.4
801–1000,Universiti Tunku Abdul Rahman (UTAR),Malaysia,21.5–28.6,50.9,29.5,42.2,11.2,11.1
801–1000,University of A Coruña,Spain,21.5–28.6,39.3,49.3,36.3,11.2,19.8
801–1000,University of Alicante,Spain,21.5–28.6,34.8,38.7,41.3,11.9,22.2
801–1000,University of Almería,Spain,21.5–28.6,38.6,28.0,39.7,10.5,14.4
801–1000,University of Antioquia,Colombia,21.5–28.6,26.8,50.5,46.9,17.0,13.9
801–1000,University of Brasília,Brazil,21.5–28.6,29.1,42.8,35.6,11.2,18.9
801–1000,University of Bucharest,Romania,21.5–28.6,50.1,35.0,26.2,16.3,12.3
801–1000,University of Cadiz,Spain,21.5–28.6,34.5,24.1,36.4,12.5,14.8
801–1000,University of Carthage,Tunisia,21.5–28.6,41.7,35.2,39.9,9.2,19.2
801–1000,University of Castilla-La Mancha,Spain,21.5–28.6,38.3,40.9,41.8,11.9,20.3
801–1000,University of Clermont Auvergne,France,21.5–28.6,28.9,66.7,72.2,10.3,18.2
801–1000,University of Debrecen,Hungary,21.5–28.6,30.5,29.7,63.1,17.4,19.1
801–1000,University of Diyala,Iraq,21.5–28.6,41.6,18.5,34.1,7.0,15.2
801–1000,University of Franche-Comté,France,21.5–28.6,35.8,53.1,78.4,9.5,15.8
801–1000,University of Gdańsk,Poland,21.5–28.6,33.9,20.3,35.7,13.7,15.4
801–1000,University of Girona,Spain,21.5–28.6,40.0,64.3,58.2,10.1,15.3
801–1000,University of Haifa,Israel,21.5–28.6,41.8,48.1,39.2,20.3,15.6
801–1000,University of Insubria,Italy,21.5–28.6,41.4,55.2,39.0,10.3,17.7
801–1000,University of Jeddah,Saudi Arabia,21.5–28.6,49.7,20.3,70.6,7.6,12.3
801–1000,University of Kiel,Germany,21.5–28.6,43.3,47.2,44.8,16.2,16.0
801–1000,University of la Costa,Colombia,21.5–28.6,43.4,17.9,51.0,10.1,13.1
801–1000,University of Lahore,Pakistan,21.5–28.6,51.9,19.0,52.2,7.3,12.0
801–1000,University of La Laguna,Spain,21.5–28.6,29.8,31.3,36.4,9.9,18.6
801–1000,University of La Rochelle,France,21.5–28.6,40.5,30.5,60.8,9.0,20.3
801–1000,University of Las Palmas de Gran Canaria,Spain,21.5–28.6,24.2,31.3,49.9,9.0,21.4
801–1000,University of Latvia,Latvia,21.5–28.6,30.7,61.8,35.2,17.5,11.0
801–1000,University of León,Spain,21.5–28.6,44.3,35.7,28.6,10.7,20.6
801–1000,University of Macedonia,Greece,21.5–28.6,55.8,25.9,25.8,9.5,16.1
801–1000,University of Malta,Malta,21.5–28.6,38.0,38.8,49.9,10.9,21.2
801–1000,University of Manouba,Tunisia,21.5–28.6,38.9,23.1,40.9,9.4,22.2
801–1000,University of Maribor,Slovenia,21.5–28.6,35.6,47.1,36.9,12.2,14.6
801–1000,University Cadi Ayyad of Marrakech,Morocco,21.5–28.6,39.1,22.4,29.9,10.3,23.4
801–1000,University of Monastir,Tunisia,21.5–28.6,43.3,21.9,45.6,8.1,17.0
801–1000,University of Moratuwa,Sri Lanka,21.5–28.6,52.1,45.1,25.0,16.3,9.6
801–1000,University of Nebraska Omaha,United States,21.5–28.6,36.1,29.8,53.2,11.5,13.1
801–1000,"University of Nevada, Las Vegas",United States,21.5–28.6,48.8,44.2,49.2,15.9,11.1
801–1000,University of Novi Sad,Serbia,21.5–28.6,35.9,45.7,34.0,12.4,13.0
801–1000,University of Oviedo,Spain,21.5–28.6,42.6,33.4,38.2,11.5,20.5
801–1000,University of Rajshahi,Bangladesh,21.5–28.6,50.1,24.7,28.5,9.1,14.5
801–1000,University of Rijeka,Croatia,21.5–28.6,41.3,36.9,26.9,15.2,10.3
801–1000,University of Sousse,Tunisia,21.5–28.6,43.8,24.2,38.8,10.1,21.2
801–1000,University of Szeged,Hungary,21.5–28.6,30.5,67.7,40.0,19.8,15.2
801–1000,University of Talca,Chile,21.5–28.6,43.6,33.6,67.2,14.9,11.8
801–1000,"University of Technology, Iraq",Iraq,21.5–28.6,48.0,23.1,25.2,11.6,19.0
801–1000,"University of the Andes, Colombia",Colombia,21.5–28.6,39.8,52.1,48.6,9.5,13.5
801–1000,University of Thessaly,Greece,21.5–28.6,38.6,39.2,32.5,10.6,9.7
801–1000,University of Tunis,Tunisia,21.5–28.6,28.4,28.4,35.2,11.4,27.2
801–1000,University of Valladolid,Spain,21.5–28.6,47.0,53.1,40.9,11.5,14.6
801–1000,University of Vigo,Spain,21.5–28.6,40.9,59.4,44.4,13.4,14.8
801–1000,University of West Attica,Greece,21.5–28.6,63.3,30.6,22.5,10.8,8.4
801–1000,University of Wrocław,Poland,21.5–28.6,27.5,36.7,53.2,14.8,15.7
801–1000,University of Zagreb,Croatia,21.5–28.6,49.2,56.1,26.4,11.7,18.5
801–1000,University of Žilina,Slovakia,21.5–28.6,42.3,27.7,27.9,11.0,14.1
801–1000,University Rey Juan Carlos,Spain,21.5–28.6,36.9,46.9,36.3,10.7,16.4
801–1000,Vilnius Gediminas Technical University (Vilnius Tech),Lithuania,21.5–28.6,48.3,26.5,39.5,13.1,12.2
801–1000,Wrocław University of Science and Technology,Poland,21.5–28.6,37.9,46.9,31.8,16.2,18.0
801–1000,Xiangtan University,China,21.5–28.6,41.2,33.3,23.8,9.5,13.3
801–1000,Yanshan University,China,21.5–28.6,42.0,43.7,20.6,9.7,11.1
801–1000,Yokohama National University,Japan,21.5–28.6,33.1,82.3,26.2,20.1,15.1
801–1000,Zhejiang Sci-Tech University,China,21.5–28.6,40.0,54.0,25.7,14.6,14.5
801–1000,Zhejiang University of Finance and Economics,China,21.5–28.6,60.2,32.5,22.3,9.1,11.1
1001+,Acharya Nagarjuna University,India,11.4–21.4,20.6,21.9,25.0,7.4,26.9
1001+,Alexandru Ioan Cuza University,Romania,11.4–21.4,28.1,26.2,22.2,10.2,10.6
1001+,Al-Farabi Kazakh National University,Kazakhstan,11.4–21.4,16.0,17.9,65.0,7.5,19.5
1001+,Ariel University,Israel,11.4–21.4,25.2,29.0,27.7,11.0,12.1
1001+,Autonomous University of Baja California,Mexico,11.4–21.4,25.9,24.2,24.8,11.5,12.2
1001+,Belarusian State University,Belarus,11.4–21.4,10.5,33.2,43.9,13.7,23.5
1001+,Benemérita Universidad Autónoma de Puebla,Mexico,11.4–21.4,7.9,19.4,28.9,7.7,13.8
1001+,Bialystok University of Technology,Poland,11.4–21.4,20.4,23.8,24.8,9.3,14.3
1001+,Chuo University,Japan,11.4–21.4,16.9,49.7,26.8,12.1,11.7
1001+,Communication University of China,China,11.4–21.4,27.1,53.0,20.2,13.9,14.9
1001+,Cracow University of Technology,Poland,11.4–21.4,37.2,26.8,37.0,8.9,13.2
1001+,Dankook University,South Korea,11.4–21.4,29.2,46.5,26.2,15.6,11.3
1001+,De La Salle University,Philippines,11.4–21.4,35.1,21.8,26.2,10.3,17.4
1001+,Dokuz Eylül University,Turkey,11.4–21.4,33.3,27.0,31.5,9.3,16.5
1001+,Don State Technical University,Russian Federation,11.4–21.4,26.6,19.8,27.1,7.9,16.2
1001+,Doshisha University,Japan,11.4–21.4,15.5,48.7,28.1,12.3,15.5
1001+,Federal Rural University of Pernambuco,Brazil,11.4–21.4,32.9,26.5,35.9,7.5,13.9
1001+,Federal University of Goiás,Brazil,11.4–21.4,22.0,21.6,32.3,7.9,10.5
1001+,Federal University of Pará,Brazil,11.4–21.4,29.7,33.8,28.1,9.1,13.3
1001+,Federal University of Santa Maria,Brazil,11.4–21.4,27.3,25.1,26.2,8.6,12.0
1001+,Federal University of Uberlândia,Brazil,11.4–21.4,24.1,41.3,29.2,9.9,15.5
1001+,Fujian Agriculture and Forestry University,China,11.4–21.4,38.8,25.4,25.6,8.5,9.3
1001+,GITAM University,India,11.4–21.4,33.9,18.5,21.0,7.7,10.8
1001+,Ionian University,Greece,11.4–21.4,35.2,24.9,22.7,11.0,14.1
1001+,Jianghan University,China,11.4–21.4,11.9,23.8,19.1,7.8,12.4
1001+,Jiangsu Normal University,China,11.4–21.4,34.7,33.7,31.5,10.8,9.8
1001+,Kansai University,Japan,11.4–21.4,5.9,22.4,25.6,6.9,17.7
1001+,Kasetsart University,Thailand,11.4–21.4,23.6,34.4,28.5,9.1,10.4
1001+,Kharkiv National University of Radio Electronics,Ukraine,11.4–21.4,33.4,18.6,26.1,9.0,19.3
1001+,Kocaeli University,Turkey,11.4–21.4,32.9,25.9,26.1,8.3,8.3
1001+,Kyoto Institute of Technology,Japan,11.4–21.4,17.1,54.0,33.6,12.1,13.2
1001+,L.N. Gumilyov Eurasian National University,Kazakhstan,11.4–21.4,25.8,17.2,43.8,9.6,12.5
1001+,Lublin University of Technology,Poland,11.4–21.4,31.4,18.7,49.1,13.4,7.8
1001+,Meiji University,Japan,11.4–21.4,19.6,32.7,22.3,11.7,15.0
1001+,Metropolitan Autonomous University,Mexico,11.4–21.4,16.1,26.9,27.2,14.6,10.4
1001+,MIREA - Russian Technological University,Russian Federation,11.4–21.4,10.2,19.7,21.0,7.9,12.3
1001+,Moscow Aviation Institute,Russian Federation,11.4–21.4,22.0,27.0,28.0,11.4,24.3
1001+,Mustansiriyah University,Iraq,11.4–21.4,15.0,20.0,37.6,7.5,19.0
1001+,Nanjing Tech University,China,11.4–21.4,29.2,37.9,26.7,8.9,12.6
1001+,National Chin-Yi University of Technology,Taiwan,11.4–21.4,19.8,42.0,23.0,17.4,10.5
1001+,National Formosa University,Taiwan,11.4–21.4,11.9,49.2,18.8,9.1,11.5
1001+,National Kaohsiung University of Science and Technology,Taiwan,11.4–21.4,30.9,59.7,26.2,11.6,10.1
1001+,National Research University of Electronic Technology (MIET),Russian Federation,11.4–21.4,15.5,47.1,25.4,13.5,21.1
1001+,National Taiwan Ocean University,Taiwan,11.4–21.4,26.7,42.7,26.8,16.0,10.8
1001+,National Technical University Kharkiv Polytechnic Institute,Ukraine,11.4–21.4,23.0,18.0,26.2,8.8,16.7
1001+,National Technical University of Ukraine – Igor Sikorsky Kyiv Polytechnic Institute,Ukraine,11.4–21.4,24.3,22.9,23.4,10.5,16.0
1001+,National University of Colombia,Colombia,11.4–21.4,23.2,42.4,37.0,9.5,18.5
1001+,National University of La Plata,Argentina,11.4–21.4,9.2,22.2,61.3,8.1,21.6
1001+,National University of Life and Environmental Sciences of Ukraine,Ukraine,11.4–21.4,40.6,17.4,25.3,7.4,11.7
1001+,National University of Science and Technology (MISiS),Russian Federation,11.4–21.4,35.3,21.2,32.2,9.2,16.8
1001+,North-Caucasus Federal University,Russian Federation,11.4–21.4,28.0,20.1,29.3,7.5,22.9
1001+,Novosibirsk State Technical University,Russian Federation,11.4–21.4,10.9,19.2,29.9,8.2,12.9
1001+,Novosibirsk State University,Russian Federation,11.4–21.4,15.2,22.8,27.3,18.3,28.3
1001+,Polytechnic University of Timişoara,Romania,11.4–21.4,38.5,36.0,25.5,8.5,11.2
1001+,Pontifical Catholic University of Peru,Peru,11.4–21.4,20.8,20.1,36.2,6.9,16.7
1001+,Pontificia Universidad Javeriana,Colombia,11.4–21.4,19.6,32.6,42.6,10.0,14.3
1001+,R V College of Engineering,India,11.4–21.4,23.4,29.3,18.0,8.5,16.1
1001+,Rzeszów University of Technology,Poland,11.4–21.4,19.4,24.0,25.0,7.7,14.7
1001+,Saints Cyril and Methodius University in Skopje,North Macedonia,11.4–21.4,31.5,32.0,31.2,9.4,8.9
1001+,Samara National Research University (Samara University),Russian Federation,11.4–21.4,20.6,27.6,33.9,11.4,23.6
1001+,Shanghai Normal University,China,11.4–21.4,30.5,38.9,24.8,9.0,10.3
1001+,Shizuoka University,Japan,11.4–21.4,20.6,55.0,31.2,12.4,14.0
1001+,Sichuan University of Science and Engineering,China,11.4–21.4,17.0,42.4,20.7,9.5,8.7
1001+,Sofia University,Bulgaria,11.4–21.4,29.0,18.5,26.4,10.4,19.7
1001+,Southern Federal University,Russian Federation,11.4–21.4,20.9,21.6,32.6,11.6,18.4
1001+,Southwest Petroleum University,China,11.4–21.4,32.2,48.3,22.8,9.2,8.6
1001+,Sri Lanka Institute of Information Technology,Sri Lanka,11.4–21.4,17.5,21.6,18.3,8.1,8.7
1001+,State University of Malang,Indonesia,11.4–21.4,33.7,18.0,41.5,13.0,10.2
1001+,Tamkang University,Taiwan,11.4–21.4,28.4,45.1,35.7,9.3,10.5
1001+,Taras Shevchenko National University of Kyiv,Ukraine,11.4–21.4,25.8,18.3,22.0,9.8,16.9
1001+,Tashkent University of Information Technologies,Uzbekistan,11.4–21.4,22.3,18.0,21.6,10.2,15.4
1001+,Technical University of Sofia,Bulgaria,11.4–21.4,27.7,29.2,25.7,14.2,14.4
1001+,Thammasat University,Thailand,11.4–21.4,27.1,41.8,31.8,14.2,11.8
1001+,Tokai University,Japan,11.4–21.4,16.4,31.7,30.5,9.0,10.5
1001+,Transilvania University of Brașov,Romania,11.4–21.4,37.9,27.1,29.3,8.4,13.2
1001+,Universidad de las Fuerzas Armadas – ESPE,Ecuador,11.4–21.4,17.8,18.9,31.0,7.7,11.4
1001+,Universidade do Estado do Rio de Janeiro (UERJ),Brazil,11.4–21.4,18.0,34.6,37.1,11.5,23.9
1001+,Universidade Federal da Bahia,Brazil,11.4–21.4,18.9,24.8,31.0,9.7,19.0
1001+,Universidade Federal de Juiz de Fora,Brazil,11.4–21.4,21.0,25.7,24.9,12.1,19.1
1001+,Universidade Federal do ABC (UFABC),Brazil,11.4–21.4,25.9,28.8,34.4,11.9,15.4
1001+,Universidade Lusófona,Portugal,11.4–21.4,30.1,19.8,54.6,7.5,15.9
1001+,Universidade Tecnológica Federal do Paraná (UTFPR),Brazil,11.4–21.4,34.9,34.0,31.6,9.6,11.7
1001+,Universidad Peruana de Ciencias Aplicadas (UPC),Peru,11.4–21.4,16.2,17.1,23.1,7.8,9.3
1001+,Universidad Politécnica Salesiana,Ecuador,11.4–21.4,26.5,20.9,32.5,10.0,11.2
1001+,Universidad Técnica Particular de Loja,Ecuador,11.4–21.4,9.8,17.6,28.2,7.0,11.0
1001+,Universitas Sebelas Maret,Indonesia,11.4–21.4,20.4,39.0,43.4,13.4,14.1
1001+,Universitas Sumatera Utara,Indonesia,11.4–21.4,20.6,21.8,46.6,8.0,11.6
1001+,Université Mohammed Premier,Morocco,11.4–21.4,37.2,21.2,24.2,7.4,15.2
1001+,Universiti Kuala Lumpur,Malaysia,11.4–21.4,26.9,27.7,47.9,8.0,18.9
1001+,Universiti Teknologi MARA,Malaysia,11.4–21.4,31.2,31.0,24.8,10.7,14.6
1001+,University of Abou Bekr Belkaïd Tlemcen,Algeria,11.4–21.4,23.6,20.2,31.5,9.0,15.0
1001+,University of Babylon,Iraq,11.4–21.4,34.6,18.0,19.5,7.3,18.8
1001+,University of Baghdad,Iraq,11.4–21.4,26.9,33.2,23.7,11.5,16.4
1001+,University of Basrah,Iraq,11.4–21.4,31.6,17.9,31.6,7.7,10.4
1001+,University of Biskra,Algeria,11.4–21.4,33.4,19.1,43.2,9.3,14.3
1001+,University of Brawijaya,Indonesia,11.4–21.4,15.7,23.4,30.2,8.5,12.5
1001+,University of Concepción,Chile,11.4–21.4,24.6,26.3,51.0,9.8,11.9
1001+,University of Craiova,Romania,11.4–21.4,31.2,25.7,27.2,10.7,10.9
1001+,University of Guadalajara,Mexico,11.4–21.4,38.1,18.9,35.6,6.8,9.9
1001+,University of Guanajuato,Mexico,11.4–21.4,20.0,29.4,29.7,8.0,15.2
1001+,University of Ioannina,Greece,11.4–21.4,30.3,41.3,31.0,10.4,8.5
1001+,University of Lodz,Poland,11.4–21.4,26.8,19.7,48.6,8.6,9.5
1001+,University of Mosul,Iraq,11.4–21.4,18.5,40.0,22.3,8.2,16.1
1001+,University of Ostrava,Czechia,11.4–21.4,23.8,18.7,41.1,11.3,17.6
1001+,"University of Santiago, Chile (USACH)",Chile,11.4–21.4,21.0,22.8,42.2,9.4,13.3
1001+,University of Sarajevo,Bosnia and Herzegovina,11.4–21.4,25.9,30.7,25.7,9.7,10.6
1001+,University of Savoie Mont Blanc,France,11.4–21.4,23.2,42.2,47.9,11.7,12.2
1001+,University of Sciences and Technology Houari Boumediene,Algeria,11.4–21.4,24.3,34.1,32.4,12.2,12.5
1001+,University of Silesia in Katowice,Poland,11.4–21.4,27.7,25.6,31.4,9.4,10.5
1001+,University of South Africa,South Africa,11.4–21.4,32.2,19.1,35.3,7.5,9.2
1001+,University of Split,Croatia,11.4–21.4,29.1,33.0,27.2,10.9,12.6
1001+,University of the Balearic Islands,Spain,11.4–21.4,28.3,32.0,41.0,8.1,19.8
1001+,University of the Philippines,Philippines,11.4–21.4,25.3,32.3,26.5,11.1,11.5
1001+,University of Tours,France,11.4–21.4,17.9,27.0,66.6,8.3,13.6
1001+,University of Warmia and Mazury in Olsztyn,Poland,11.4–21.4,30.0,24.6,25.8,15.9,10.1
1001+,"Vietnam National University, Hanoi",Vietnam,11.4–21.4,27.0,27.1,47.0,10.8,13.9
1001+,Vietnam National University (Ho Chi Minh City),Vietnam,11.4–21.4,34.5,28.5,30.9,10.0,11.3
1001+,Vilnius University,Lithuania,11.4–21.4,24.1,26.7,40.5,11.6,13.6
1001+,V.N. Karazin Kharkiv National University,Ukraine,11.4–21.4,19.5,27.1,23.5,10.0,21.0
1001+,Warsaw University of Life Sciences – SGGW,Poland,11.4–21.4,35.6,19.2,31.8,10.3,11.1
1001+,Wuhan Textile University,China,11.4–21.4,15.4,39.7,21.9,8.9,10.6
1001+,Yamaguchi University,Japan,11.4–21.4,21.3,36.0,31.4,8.4,15.9
