top,country,name
50,Germany,Universität Heidelberg
50,Germany,LMU Munich
50,Germany,Technical University of Munich
50,Australia,Australian National University
50,Australia,Monash University
50,Australia,The University of Queensland
50,Belgium,KU Leuven
50,Canada,McGill University
50,Canada,University of British Columbia
50,China,Fudan University
50,China,Shanghai Jiao Tong University
50,China,University of Science and Technology of China
50,China,Zhejiang University
50,Hong Kong,The Chinese University of Hong Kong
50,Hong Kong,City University of Hong Kong
50,Hong Kong,The Hong Kong University of Science and Technology
50,South Korea,Korea Advanced Institute of Science and Technology (KAIST)
50,South Korea,Seoul National University
50,Denmark,University of Copenhagen
50,United States,Georgia Institute of Technology
50,United States,The Rockefeller University
50,United States,"University of California, Santa Barbara"
50,United States,University of Colorado Boulder
50,United States,University of Illinois at Urbana-Champaign
50,United States,"University of Maryland, College Park"
50,United States,University of Minnesota
50,United States,University of North Carolina at Chapel Hill
50,United States,University of Texas at Austin
50,United States,UT Southwestern Medical Center
50,United States,University of Wisconsin-Madison
50,France,Institut Polytechnique de Paris
50,France,Sorbonne University
50,France,Paris-Sorbonne University – Paris 4
50,Japan,Kyoto University
50,Netherlands,Delft University of Technology
50,Netherlands,Utrecht University
50,United Kingdom,King’s College London
50,United Kingdom,London School of Economics and Political Science
50,United Kingdom,University of Bristol
50,United Kingdom,University of Manchester
50,Sweden,Karolinska Institute
50,Switzerland,University of Geneva
